date,open,high,low,close,mode,position,stage,event,basis,level_name,level_price,trigger_price,fill_price,H,L_now,rebound_from_L_pct,threshold_pct,forbidden_levels_above_last_sell,B1,B2,B3,B4,B5,B6,B7,Stop_Loss,cutoff_price,next_buy_level_name,next_buy_level_price,next_buy_trigger_price
2024-12-17,0.02865,0.0395,0.0262,0.035593,high,False,,,,,,,,0.0395,,,,7,0.02212,0.02054,0.01817,0.016195,0.013825,0.01106,0.008295,0.007505,,B7,0.008295,0.0262
2024-12-18,0.035593,0.036959,0.026831,0.028612,high,False,,,,,,,,0.0395,,,,7,0.02212,0.02054,0.01817,0.016195,0.013825,0.01106,0.008295,0.007505,,B7,0.008295,0.026831
2024-12-19,0.028617,0.02996,0.022654,0.027829,high,False,,,,,,,,0.0395,,,,7,0.02212,0.02054,0.01817,0.016195,0.013825,0.01106,0.008295,0.007505,,B7,0.008295,0.022654
2024-12-20,0.027834,0.032307,0.027354,0.028633,high,False,,,,,,,,0.0395,,,,7,0.02212,0.02054,0.01817,0.016195,0.013825,0.01106,0.008295,0.007505,,B7,0.008295,0.027354
2024-12-21,0.02862,0.028625,0.025394,0.025989,high,False,,,,,,,,0.0395,,,,7,0.02212,0.02054,0.01817,0.016195,0.013825,0.01106,0.008295,0.007505,,B7,0.008295,0.025394
2024-12-22,0.025991,0.030964,0.025185,0.03024,high,False,,,,,,,,0.0395,,,,7,0.02212,0.02054,0.01817,0.016195,0.013825,0.01106,0.008295,0.007505,,B7,0.008295,0.025185
2024-12-23,0.030246,0.03762,0.028033,0.035874,high,False,,,,,,,,0.0395,,,,7,0.02212,0.02054,0.01817,0.016195,0.013825,0.01106,0.008295,0.007505,,B7,0.008295,0.028033
2024-12-24,0.035873,0.039488,0.034344,0.037742,high,False,,,,,,,,0.0395,,,,7,0.02212,0.02054,0.01817,0.016195,0.013825,0.01106,0.008295,0.007505,,B7,0.008295,0.034344
2024-12-25,0.037743,0.0435,0.036131,0.038156,high,False,,,,,,,,0.0435,,,,7,0.02436,0.02262,0.02001,0.017835,0.015225,0.01218,0.009135,0.008265,,B7,0.009135,0.036131
2024-12-26,0.038157,0.038233,0.033256,0.033915,high,False,,,,,,,,0.0435,,,,7,0.02436,0.02262,0.02001,0.017835,0.015225,0.01218,0.009135,0.008265,,B7,0.009135,0.033256
2024-12-27,0.033916,0.036972,0.033158,0.036052,high,False,,,,,,,,0.0435,,,,7,0.02436,0.02262,0.02001,0.017835,0.015225,0.01218,0.009135,0.008265,,B7,0.009135,0.033158
2024-12-28,0.03606,0.036538,0.0315,0.031915,high,False,,,,,,,,0.0435,,,,7,0.02436,0.02262,0.02001,0.017835,0.015225,0.01218,0.009135,0.008265,,B7,0.009135,0.0315
2024-12-29,0.031916,0.033099,0.03002,0.031008,high,False,,,,,,,,0.0435,,,,7,0.02436,0.02262,0.02001,0.017835,0.015225,0.01218,0.009135,0.008265,,B7,0.009135,0.03002
2024-12-30,0.031006,0.034371,0.0296,0.033326,high,False,,,,,,,,0.0435,,,,7,0.02436,0.02262,0.02001,0.017835,0.015225,0.01218,0.009135,0.008265,,B7,0.009135,0.0296
2024-12-31,0.033322,0.0401,0.032896,0.03925,high,False,,,,,,,,0.0435,,,,7,0.02436,0.02262,0.02001,0.017835,0.015225,0.01218,0.009135,0.008265,,B7,0.009135,0.032896
2025-01-01,0.039255,0.040916,0.036857,0.037228,high,False,,,,,,,,0.0435,,,,7,0.02436,0.02262,0.02001,0.017835,0.015225,0.01218,0.009135,0.008265,,B7,0.009135,0.036857
2025-01-02,0.037229,0.037674,0.034036,0.037215,high,False,,,,,,,,0.0435,,,,7,0.02436,0.02262,0.02001,0.017835,0.015225,0.01218,0.009135,0.008265,,B7,0.009135,0.034036
2025-01-03,0.037215,0.042251,0.03558,0.040512,high,False,,,,,,,,0.0435,,,,7,0.02436,0.02262,0.02001,0.017835,0.015225,0.01218,0.009135,0.008265,,B7,0.009135,0.03558
2025-01-04,0.040517,0.044478,0.039752,0.040054,high,False,,,,,,,,0.044478,,,,7,0.02490768,0.02312856,0.02045988,0.01823598,0.0155673,0.01245384,0.00934038,0.00845082,,B7,0.00934038,0.039752
2025-01-05,0.040049,0.046966,0.039428,0.04303,high,False,,,,,,,,0.046966,,,,7,0.02630096,0.02442232,0.02160436,0.01925606,0.0164381,0.01315048,0.00986286,0.00892354,,B7,0.00986286,0.039428
2025-01-06,0.043026,0.043799,0.037171,0.037307,high,False,,,,,,,,0.046966,,,,7,0.02630096,0.02442232,0.02160436,0.01925606,0.0164381,0.01315048,0.00986286,0.00892354,,B7,0.00986286,0.037171
2025-01-07,0.03731,0.038032,0.032686,0.035903,high,False,,,,,,,,0.046966,,,,7,0.02630096,0.02442232,0.02160436,0.01925606,0.0164381,0.01315048,0.00986286,0.00892354,,B7,0.00986286,0.032686
2025-01-08,0.035898,0.037349,0.031378,0.033294,high,False,,,,,,,,0.046966,,,,7,0.02630096,0.02442232,0.02160436,0.01925606,0.0164381,0.01315048,0.00986286,0.00892354,,B7,0.00986286,0.031378
2025-01-09,0.033301,0.035828,0.03229,0.033487,high,False,,,,,,,,0.046966,,,,7,0.02630096,0.02442232,0.02160436,0.01925606,0.0164381,0.01315048,0.00986286,0.00892354,,B7,0.00986286,0.03229
2025-01-10,0.03349,0.03381,0.031618,0.032972,high,False,,,,,,,,0.046966,,,,7,0.02630096,0.02442232,0.02160436,0.01925606,0.0164381,0.01315048,0.00986286,0.00892354,,B7,0.00986286,0.031618
2025-01-11,0.032971,0.034139,0.03147,0.032509,high,False,,,,,,,,0.046966,,,,7,0.02630096,0.02442232,0.02160436,0.01925606,0.0164381,0.01315048,0.00986286,0.00892354,,B7,0.00986286,0.03147
2025-01-12,0.032502,0.034248,0.02801,0.031361,high,False,,,,,,,,0.046966,,,,7,0.02630096,0.02442232,0.02160436,0.01925606,0.0164381,0.01315048,0.00986286,0.00892354,,B7,0.00986286,0.02801
2025-01-13,0.031362,0.033597,0.030977,0.032046,high,False,,,,,,,,0.046966,,,,7,0.02630096,0.02442232,0.02160436,0.01925606,0.0164381,0.01315048,0.00986286,0.00892354,,B7,0.00986286,0.030977
2025-01-14,0.032046,0.036113,0.03018,0.035532,high,False,,,,,,,,0.046966,,,,7,0.02630096,0.02442232,0.02160436,0.01925606,0.0164381,0.01315048,0.00986286,0.00892354,,B7,0.00986286,0.03018
2025-01-15,0.035541,0.035606,0.03188,0.032686,high,False,,,,,,,,0.046966,,,,7,0.02630096,0.02442232,0.02160436,0.01925606,0.0164381,0.01315048,0.00986286,0.00892354,,B7,0.00986286,0.03188
2025-01-16,0.032693,0.03408,0.031479,0.032476,high,False,,,,,,,,0.046966,,,,7,0.02630096,0.02442232,0.02160436,0.01925606,0.0164381,0.01315048,0.00986286,0.00892354,,B7,0.00986286,0.031479
2025-01-17,0.032481,0.033076,0.026542,0.029554,high,False,,,,,,,,0.046966,,,,7,0.02630096,0.02442232,0.02160436,0.01925606,0.0164381,0.01315048,0.00986286,0.00892354,,B7,0.00986286,0.026542
2025-01-18,0.029555,0.032888,0.024927,0.025326,wait,True,1,BUY B1,LOW,B1,0.02630096,0.024927,0.02630096,0.046966,0.024927,,,7,0.02630096,0.02442232,0.02160436,0.01925606,0.0164381,0.01315048,0.00986286,0.00892354,,B1,0.02630096,0.024927
2025-01-18,0.029555,0.032888,0.024927,0.025326,wait,False,,SELL S,HIGH,,,0.02684638,0.02684638,0.046966,0.024927,,7.7,7,0.02630096,0.02442232,0.02160436,0.01925606,0.0164381,0.01315048,0.00986286,0.00892354,0.026846379,,,
2025-01-18,0.029555,0.032888,0.024927,0.025326,wait,False,,,,,,,,0.046966,0.024927,31.937257,7.7,7,0.02630096,0.02442232,0.02160436,0.01925606,0.0164381,0.01315048,0.00986286,0.00892354,0.026846379,B1,0.02630096,0.024927
2025-01-19,0.025327,0.027377,0.02231,0.024676,wait,True,1,BUY B1,LOW,B1,0.02630096,0.02231,0.02630096,0.046966,0.02231,,,7,0.02630096,0.02442232,0.02160436,0.01925606,0.0164381,0.01315048,0.00986286,0.00892354,0.026846379,B1,0.02630096,0.02231
2025-01-19,0.025327,0.027377,0.02231,0.024676,wait,True,2,ADD B2,LOW,B2,0.02442232,0.02231,0.02442232,0.046966,0.02231,,,7,0.02630096,0.02442232,0.02160436,0.01925606,0.0164381,0.01315048,0.00986286,0.00892354,0.026846379,B2,0.02442232,0.02231
2025-01-19,0.025327,0.027377,0.02231,0.024676,wait,False,,SELL S,HIGH,,,0.02616963,0.02616963,0.046966,0.02231,,17.3,6,0.02630096,0.02442232,0.02160436,0.01925606,0.0164381,0.01315048,0.00986286,0.00892354,0.02616963,,,
2025-01-19,0.025327,0.027377,0.02231,0.024676,wait,False,,,,,,,,0.046966,0.02231,22.711788,17.3,6,0.02630096,0.02442232,0.02160436,0.01925606,0.0164381,0.01315048,0.00986286,0.00892354,0.02616963,B2,0.02442232,0.02231
2025-01-20,0.024684,0.02507,0.022345,0.023586,wait,True,2,BUY B2,LOW,B2,0.02442232,0.022345,0.02442232,0.046966,0.02231,,,6,0.02630096,0.02442232,0.02160436,0.01925606,0.0164381,0.01315048,0.00986286,0.00892354,0.02616963,B2,0.02442232,0.022345
2025-01-20,0.024684,0.02507,0.022345,0.023586,wait,True,2,,,,,,,0.046966,0.02231,12.371134,17.3,6,0.02630096,0.02442232,0.02160436,0.01925606,0.0164381,0.01315048,0.00986286,0.00892354,0.02616963,B2,0.02442232,0.022345
2025-01-21,0.023589,0.026692,0.022926,0.024254,wait,False,,SELL S,HIGH,,,0.02616963,0.02616963,0.046966,0.02231,,17.3,6,0.02630096,0.02442232,0.02160436,0.01925606,0.0164381,0.01315048,0.00986286,0.00892354,0.02616963,,,
2025-01-21,0.023589,0.026692,0.022926,0.024254,wait,False,,,,,,,,0.046966,0.02231,19.641416,17.3,6,0.02630096,0.02442232,0.02160436,0.01925606,0.0164381,0.01315048,0.00986286,0.00892354,0.02616963,B2,0.02442232,0.022926
2025-01-22,0.024251,0.02608,0.023094,0.023895,wait,True,2,BUY B2,LOW,B2,0.02442232,0.023094,0.02442232,0.046966,0.02231,,,6,0.02630096,0.02442232,0.02160436,0.01925606,0.0164381,0.01315048,0.00986286,0.00892354,0.02616963,B2,0.02442232,0.023094
2025-01-22,0.024251,0.02608,0.023094,0.023895,wait,True,2,,,,,,,0.046966,0.02231,16.898252,17.3,6,0.02630096,0.02442232,0.02160436,0.01925606,0.0164381,0.01315048,0.00986286,0.00892354,0.02616963,B2,0.02442232,0.023094
2025-01-23,0.023896,0.025759,0.022658,0.02274,wait,True,2,,,,,,,0.046966,0.02231,15.459435,17.3,6,0.02630096,0.02442232,0.02160436,0.01925606,0.0164381,0.01315048,0.00986286,0.00892354,0.02616963,B2,0.02442232,0.022658
2025-01-24,0.022738,0.023369,0.021735,0.023031,wait,True,2,,,,,,,0.046966,0.021735,7.517828,17.3,6,0.02630096,0.02442232,0.02160436,0.01925606,0.0164381,0.01315048,0.00986286,0.00892354,0.02616963,B7,0.00986286,0.021735
2025-01-25,0.023034,0.027398,0.022923,0.024749,wait,False,,SELL S,HIGH,,,0.02549516,0.02549516,0.046966,0.021735,,17.3,6,0.02630096,0.02442232,0.02160436,0.01925606,0.0164381,0.01315048,0.00986286,0.00892354,0.025495155,,,
2025-01-25,0.023034,0.027398,0.022923,0.024749,wait,False,,,,,,,,0.046966,0.021735,26.05475,17.3,6,0.02630096,0.02442232,0.02160436,0.01925606,0.0164381,0.01315048,0.00986286,0.00892354,0.025495155,B2,0.02442232,0.022923
2025-01-26,0.024744,0.025052,0.020674,0.021258,wait,True,2,BUY B2,LOW,B2,0.02442232,0.020674,0.02442232,0.046966,0.020674,,,6,0.02630096,0.02442232,0.02160436,0.01925606,0.0164381,0.01315048,0.00986286,0.00892354,0.025495155,B2,0.02442232,0.020674
2025-01-26,0.024744,0.025052,0.020674,0.021258,wait,True,3,ADD B3,LOW,B3,0.02160436,0.020674,0.02160436,0.046966,0.020674,,,6,0.02630096,0.02442232,0.02160436,0.01925606,0.0164381,0.01315048,0.00986286,0.00892354,0.025495155,B3,0.02160436,0.020674
2025-01-26,0.024744,0.025052,0.020674,0.021258,wait,True,3,,,,,,,0.046966,0.020674,21.176357,24.4,6,0.02630096,0.02442232,0.02160436,0.01925606,0.0164381,0.01315048,0.00986286,0.00892354,0.025495155,B2,0.02442232,0.020674
2025-01-27,0.021257,0.021802,0.015315,0.015531,wait,True,4,ADD B4,LOW,B4,0.01925606,0.015315,0.01925606,0.046966,0.015315,,,6,0.02630096,0.02442232,0.02160436,0.01925606,0.0164381,0.01315048,0.00986286,0.00892354,0.025495155,B4,0.01925606,0.015315
2025-01-27,0.021257,0.021802,0.015315,0.015531,wait,True,5,ADD B5,LOW,B5,0.0164381,0.015315,0.0164381,0.046966,0.015315,,,6,0.02630096,0.02442232,0.02160436,0.01925606,0.0164381,0.01315048,0.00986286,0.00892354,0.025495155,B5,0.0164381,0.015315
2025-01-27,0.021257,0.021802,0.015315,0.015531,wait,True,5,,,,,,,0.046966,0.015315,42.357166,52.7,6,0.02630096,0.02442232,0.02160436,0.01925606,0.0164381,0.01315048,0.00986286,0.00892354,0.025495155,B3,0.02160436,0.015315
2025-01-28,0.015525,0.016997,0.014963,0.015079,wait,True,5,,,,,,,0.046966,0.014963,13.593531,52.7,6,0.02630096,0.02442232,0.02160436,0.01925606,0.0164381,0.01315048,0.00986286,0.00892354,0.025495155,B5,0.0164381,0.014963
2025-01-29,0.01508,0.015901,0.014416,0.014698,wait,True,5,,,,,,,0.046966,0.014416,10.301054,52.7,6,0.02630096,0.02442232,0.02160436,0.01925606,0.0164381,0.01315048,0.00986286,0.00892354,0.025495155,B7,0.00986286,0.014416
2025-01-30,0.014699,0.015879,0.013813,0.014784,wait,True,5,,,,,,,0.046966,0.013813,14.956925,52.7,6,0.02630096,0.02442232,0.02160436,0.01925606,0.0164381,0.01315048,0.00986286,0.00892354,0.025495155,B7,0.00986286,0.013813
2025-01-31,0.014788,0.017139,0.013266,0.013563,wait,True,5,,,,,,,0.046966,0.013266,29.194934,52.7,6,0.02630096,0.02442232,0.02160436,0.01925606,0.0164381,0.01315048,0.00986286,0.00892354,0.025495155,B5,0.0164381,0.013266
2025-02-01,0.013563,0.014488,0.01204,0.013042,wait,True,6,ADD B6,LOW,B6,0.01315048,0.01204,0.01315048,0.046966,0.01204,,,6,0.02630096,0.02442232,0.02160436,0.01925606,0.0164381,0.01315048,0.00986286,0.00892354,0.025495155,B6,0.01315048,0.01204
2025-02-01,0.013563,0.014488,0.01204,0.013042,wait,True,6,,,,,,,0.046966,0.01204,20.332226,79.9,6,0.02630096,0.02442232,0.02160436,0.01925606,0.0164381,0.01315048,0.00986286,0.00892354,0.025495155,B6,0.01315048,0.01204
2025-02-02,0.013043,0.013951,0.009461,0.013561,wait,True,7,ADD B7,LOW,B7,0.00986286,0.009461,0.00986286,0.046966,0.009461,,,6,0.02630096,0.02442232,0.02160436,0.01925606,0.0164381,0.01315048,0.00986286,0.00892354,0.025495155,B7,0.00986286,0.009461
2025-02-02,0.013043,0.013951,0.009461,0.013561,wait,True,7,,,,,,,0.046966,0.009461,47.457985,98.5,6,0.02630096,0.02442232,0.02160436,0.01925606,0.0164381,0.01315048,0.00986286,0.00892354,0.025495155,B6,0.01315048,0.009461
2025-02-03,0.013561,0.013811,0.011965,0.013086,wait,True,7,,,,,,,0.046966,0.009461,45.978226,98.5,6,0.02630096,0.02442232,0.02160436,0.01925606,0.0164381,0.01315048,0.00986286,0.00892354,0.025495155,B6,0.01315048,0.011965
2025-02-04,0.013091,0.014023,0.011518,0.011674,wait,True,7,,,,,,,0.046966,0.009461,48.219004,98.5,6,0.02630096,0.02442232,0.02160436,0.01925606,0.0164381,0.01315048,0.00986286,0.00892354,0.025495155,B6,0.01315048,0.011518
2025-02-05,0.011675,0.012086,0.010556,0.010672,wait,True,7,,,,,,,0.046966,0.009461,27.745481,98.5,6,0.02630096,0.02442232,0.02160436,0.01925606,0.0164381,0.01315048,0.00986286,0.00892354,0.025495155,B7,0.00986286,0.010556
2025-02-06,0.010671,0.012678,0.009717,0.010147,wait,True,7,,,,,,,0.046966,0.009461,34.002748,98.5,6,0.02630096,0.02442232,0.02160436,0.01925606,0.0164381,0.01315048,0.00986286,0.00892354,0.025495155,B7,0.00986286,0.009717
2025-02-07,0.010146,0.010844,0.010058,0.010559,wait,True,7,,,,,,,0.046966,0.009461,14.617905,98.5,6,0.02630096,0.02442232,0.02160436,0.01925606,0.0164381,0.01315048,0.00986286,0.00892354,0.025495155,B7,0.00986286,0.010058
2025-02-08,0.010558,0.01089,0.00928,0.010036,wait,True,7,,,,,,,0.046966,0.00928,17.349138,98.5,6,0.02630096,0.02442232,0.02160436,0.01925606,0.0164381,0.01315048,0.00986286,0.00892354,0.025495155,B7,0.00986286,0.00928
2025-02-09,0.010039,0.010804,0.009528,0.010037,wait,True,7,,,,,,,0.046966,0.00928,16.422414,98.5,6,0.02630096,0.02442232,0.02160436,0.01925606,0.0164381,0.01315048,0.00986286,0.00892354,0.025495155,B7,0.00986286,0.009528
2025-02-10,0.010035,0.011106,0.009765,0.010014,wait,True,7,,,,,,,0.046966,0.00928,19.676724,98.5,6,0.02630096,0.02442232,0.02160436,0.01925606,0.0164381,0.01315048,0.00986286,0.00892354,0.025495155,B7,0.00986286,0.009765
2025-02-11,0.010014,0.010609,0.00926,0.010572,wait,True,7,,,,,,,0.046966,0.00926,14.568035,98.5,6,0.02630096,0.02442232,0.02160436,0.01925606,0.0164381,0.01315048,0.00986286,0.00892354,0.025495155,B7,0.00986286,0.00926
2025-02-12,0.010573,0.011394,0.00941,0.010143,wait,True,7,,,,,,,0.046966,0.00926,23.045356,98.5,6,0.02630096,0.02442232,0.02160436,0.01925606,0.0164381,0.01315048,0.00986286,0.00892354,0.025495155,B7,0.00986286,0.00941
2025-02-13,0.010143,0.011562,0.010075,0.010777,wait,True,7,,,,,,,0.046966,0.00926,24.859611,98.5,6,0.02630096,0.02442232,0.02160436,0.01925606,0.0164381,0.01315048,0.00986286,0.00892354,0.025495155,B7,0.00986286,0.010075
2025-02-14,0.010778,0.011085,0.009845,0.010108,wait,True,7,,,,,,,0.046966,0.00926,19.708423,98.5,6,0.02630096,0.02442232,0.02160436,0.01925606,0.0164381,0.01315048,0.00986286,0.00892354,0.025495155,B7,0.00986286,0.009845
2025-02-15,0.010107,0.010204,0.009566,0.009657,wait,True,7,,,,,,,0.046966,0.00926,10.194384,98.5,6,0.02630096,0.02442232,0.02160436,0.01925606,0.0164381,0.01315048,0.00986286,0.00892354,0.025495155,B7,0.00986286,0.009566
2025-02-16,0.009657,0.010014,0.00905,0.009241,wait,True,7,,,,,,,0.046966,0.00905,10.651934,98.5,6,0.02630096,0.02442232,0.02160436,0.01925606,0.0164381,0.01315048,0.00986286,0.00892354,0.025495155,B7,0.00986286,0.00905
2025-02-17,0.009241,0.009322,0.007802,0.008257,wait,False,,STOP LOSS,LOW,,,0.00892354,0.00892354,0.046966,0.007802,,,0,0.02630096,0.02442232,0.02160436,0.01925606,0.0164381,0.01315048,0.00986286,0.00892354,inf,,,
2025-02-17,0.009241,0.009322,0.007802,0.008257,wait,False,,,,,,,,0.046966,0.007802,19.482184,98.5,0,0.02630096,0.02442232,0.02160436,0.01925606,0.0164381,0.01315048,0.00986286,0.00892354,inf,,,0.007802
2025-02-18,0.008258,0.008414,0.007842,0.00799,wait,False,,,,,,,,0.046966,0.007802,,,0,0.02630096,0.02442232,0.02160436,0.01925606,0.0164381,0.01315048,0.00986286,0.00892354,inf,,,0.007842
2025-02-19,0.007991,0.008791,0.007933,0.00868,wait,False,,,,,,,,0.046966,0.007802,,,0,0.02630096,0.02442232,0.02160436,0.01925606,0.0164381,0.01315048,0.00986286,0.00892354,inf,,,0.007933
2025-02-20,0.008679,0.009565,0.008258,0.008402,wait,False,,,,,,,,0.046966,0.007802,,,0,0.02630096,0.02442232,0.02160436,0.01925606,0.0164381,0.01315048,0.00986286,0.00892354,inf,,,0.008258
2025-02-21,0.008402,0.009331,0.008225,0.008931,wait,False,,,,,,,,0.046966,0.007802,,,0,0.02630096,0.02442232,0.02160436,0.01925606,0.0164381,0.01315048,0.00986286,0.00892354,inf,,,0.008225
2025-02-22,0.008931,0.008961,0.008214,0.008648,wait,False,,,,,,,,0.046966,0.007802,,,0,0.02630096,0.02442232,0.02160436,0.01925606,0.0164381,0.01315048,0.00986286,0.00892354,inf,,,0.008214
2025-02-23,0.008643,0.00899,0.007012,0.007226,wait,False,,,,,,,,0.046966,0.007012,,,0,0.02630096,0.02442232,0.02160436,0.01925606,0.0164381,0.01315048,0.00986286,0.00892354,inf,,,0.007012
2025-02-24,0.007223,0.00855,0.006714,0.00806,wait,False,,,,,,,,0.046966,0.006714,,,0,0.02630096,0.02442232,0.02160436,0.01925606,0.0164381,0.01315048,0.00986286,0.00892354,inf,,,0.006714
2025-02-25,0.00806,0.008521,0.00787,0.008338,wait,False,,,,,,,,0.046966,0.006714,,,0,0.02630096,0.02442232,0.02160436,0.01925606,0.0164381,0.01315048,0.00986286,0.00892354,inf,,,0.00787
2025-02-26,0.008339,0.008877,0.007998,0.008101,wait,False,,,,,,,,0.046966,0.006714,,,0,0.02630096,0.02442232,0.02160436,0.01925606,0.0164381,0.01315048,0.00986286,0.00892354,inf,,,0.007998
2025-02-27,0.008102,0.009524,0.007593,0.009092,wait,False,,,,,,,,0.046966,0.006714,,,0,0.02630096,0.02442232,0.02160436,0.01925606,0.0164381,0.01315048,0.00986286,0.00892354,inf,,,0.007593
2025-02-28,0.009094,0.009329,0.008656,0.00876,wait,False,,,,,,,,0.046966,0.006714,,,0,0.02630096,0.02442232,0.02160436,0.01925606,0.0164381,0.01315048,0.00986286,0.00892354,inf,,,0.008656
2025-03-01,0.00876,0.009379,0.008491,0.009244,wait,False,,,,,,,,0.046966,0.006714,,,0,0.02630096,0.02442232,0.02160436,0.01925606,0.0164381,0.01315048,0.00986286,0.00892354,inf,,,0.008491
2025-03-02,0.009244,0.009266,0.006925,0.007107,wait,False,,,,,,,,0.046966,0.006714,,,0,0.02630096,0.02442232,0.02160436,0.01925606,0.0164381,0.01315048,0.00986286,0.00892354,inf,,,0.006925
2025-03-03,0.007106,0.007177,0.00624,0.006729,wait,False,,,,,,,,0.046966,0.00624,,,0,0.02630096,0.02442232,0.02160436,0.01925606,0.0164381,0.01315048,0.00986286,0.00892354,inf,,,0.00624
2025-03-04,0.006727,0.00682,0.006355,0.006569,wait,False,,,,,,,,0.046966,0.00624,,,0,0.02630096,0.02442232,0.02160436,0.01925606,0.0164381,0.01315048,0.00986286,0.00892354,inf,,,0.006355
2025-03-05,0.00657,0.006694,0.006014,0.006211,wait,False,,,,,,,,0.046966,0.006014,,,0,0.02630096,0.02442232,0.02160436,0.01925606,0.0164381,0.01315048,0.00986286,0.00892354,inf,,,0.006014
2025-03-06,0.006212,0.006943,0.005905,0.006393,wait,False,,,,,,,,0.046966,0.005905,,,0,0.02630096,0.02442232,0.02160436,0.01925606,0.0164381,0.01315048,0.00986286,0.00892354,inf,,,0.005905
2025-03-07,0.006394,0.006567,0.005903,0.006079,wait,False,,,,,,,,0.046966,0.005903,,,0,0.02630096,0.02442232,0.02160436,0.01925606,0.0164381,0.01315048,0.00986286,0.00892354,inf,,,0.005903
2025-03-08,0.006079,0.006261,0.005289,0.00552,wait,False,,,,,,,,0.046966,0.005289,,,0,0.02630096,0.02442232,0.02160436,0.01925606,0.0164381,0.01315048,0.00986286,0.00892354,inf,,,0.005289
2025-03-09,0.005521,0.005984,0.005457,0.005599,wait,False,,,,,,,,0.046966,0.005289,,,0,0.02630096,0.02442232,0.02160436,0.01925606,0.0164381,0.01315048,0.00986286,0.00892354,inf,,,0.005457
2025-03-10,0.005599,0.006319,0.005094,0.00621,wait,False,,,,,,,,0.046966,0.005094,,,0,0.02630096,0.02442232,0.02160436,0.01925606,0.0164381,0.01315048,0.00986286,0.00892354,inf,,,0.005094
2025-03-11,0.006209,0.006423,0.005759,0.006012,wait,False,,,,,,,,0.046966,0.005094,,,0,0.02630096,0.02442232,0.02160436,0.01925606,0.0164381,0.01315048,0.00986286,0.00892354,inf,,,0.005759
2025-03-12,0.006011,0.007232,0.0057,0.005944,wait,False,,,,,,,,0.046966,0.005094,,,0,0.02630096,0.02442232,0.02160436,0.01925606,0.0164381,0.01315048,0.00986286,0.00892354,inf,,,0.0057
2025-03-13,0.005945,0.006815,0.005906,0.006555,wait,False,,,,,,,,0.046966,0.005094,,,0,0.02630096,0.02442232,0.02160436,0.01925606,0.0164381,0.01315048,0.00986286,0.00892354,inf,,,0.005906
2025-03-14,0.006555,0.006963,0.006535,0.006714,wait,False,,,,,,,,0.046966,0.005094,,,0,0.02630096,0.02442232,0.02160436,0.01925606,0.0164381,0.01315048,0.00986286,0.00892354,inf,,,0.006535
2025-03-15,0.006715,0.006912,0.006304,0.006359,wait,False,,,,,,,,0.046966,0.005094,,,0,0.02630096,0.02442232,0.02160436,0.01925606,0.0164381,0.01315048,0.00986286,0.00892354,inf,,,0.006304
2025-03-16,0.006358,0.007225,0.00633,0.007051,wait,False,,,,,,,,0.046966,0.005094,,,0,0.02630096,0.02442232,0.02160436,0.01925606,0.0164381,0.01315048,0.00986286,0.00892354,inf,,,0.00633
2025-03-17,0.007051,0.007054,0.00612,0.006392,wait,False,,,,,,,,0.046966,0.005094,,,0,0.02630096,0.02442232,0.02160436,0.01925606,0.0164381,0.01315048,0.00986286,0.00892354,inf,,,0.00612
2025-03-18,0.006393,0.00694,0.006265,0.006764,wait,False,,,,,,,,0.046966,0.005094,,,0,0.02630096,0.02442232,0.02160436,0.01925606,0.0164381,0.01315048,0.00986286,0.00892354,inf,,,0.006265
2025-03-19,0.006764,0.007599,0.006417,0.006429,wait,False,,,,,,,,0.046966,0.005094,,,0,0.02630096,0.02442232,0.02160436,0.01925606,0.0164381,0.01315048,0.00986286,0.00892354,inf,,,0.006417
2025-03-20,0.006428,0.006714,0.006159,0.006398,wait,False,,,,,,,,0.046966,0.005094,,,0,0.02630096,0.02442232,0.02160436,0.01925606,0.0164381,0.01315048,0.00986286,0.00892354,inf,,,0.006159
2025-03-21,0.006398,0.006552,0.006271,0.006331,wait,False,,,,,,,,0.046966,0.005094,,,0,0.02630096,0.02442232,0.02160436,0.01925606,0.0164381,0.01315048,0.00986286,0.00892354,inf,,,0.006271
2025-03-22,0.00633,0.006386,0.006074,0.006279,wait,False,,,,,,,,0.046966,0.005094,,,0,0.02630096,0.02442232,0.02160436,0.01925606,0.0164381,0.01315048,0.00986286,0.00892354,inf,,,0.006074
2025-03-23,0.006279,0.007131,0.006188,0.007122,wait,False,,,,,,,,0.046966,0.005094,,,0,0.02630096,0.02442232,0.02160436,0.01925606,0.0164381,0.01315048,0.00986286,0.00892354,inf,,,0.006188
2025-03-24,0.007118,0.007165,0.006911,0.007036,wait,False,,,,,,,,0.046966,0.005094,,,0,0.02630096,0.02442232,0.02160436,0.01925606,0.0164381,0.01315048,0.00986286,0.00892354,inf,,,0.006911
2025-03-25,0.007035,0.007423,0.006886,0.00699,wait,False,,,,,,,,0.046966,0.005094,,,0,0.02630096,0.02442232,0.02160436,0.01925606,0.0164381,0.01315048,0.00986286,0.00892354,inf,,,0.006886
2025-03-26,0.006993,0.007296,0.006714,0.007144,wait,False,,,,,,,,0.046966,0.005094,,,0,0.02630096,0.02442232,0.02160436,0.01925606,0.0164381,0.01315048,0.00986286,0.00892354,inf,,,0.006714
2025-03-27,0.007147,0.007166,0.006062,0.006262,wait,False,,,,,,,,0.046966,0.005094,,,0,0.02630096,0.02442232,0.02160436,0.01925606,0.0164381,0.01315048,0.00986286,0.00892354,inf,,,0.006062
2025-03-28,0.006261,0.006389,0.00557,0.005685,wait,False,,,,,,,,0.046966,0.005094,,,0,0.02630096,0.02442232,0.02160436,0.01925606,0.0164381,0.01315048,0.00986286,0.00892354,inf,,,0.00557
2025-03-29,0.005685,0.006139,0.005621,0.005952,wait,False,,,,,,,,0.046966,0.005094,,,0,0.02630096,0.02442232,0.02160436,0.01925606,0.0164381,0.01315048,0.00986286,0.00892354,inf,,,0.005621
2025-03-30,0.005954,0.006085,0.00539,0.005413,wait,False,,,,,,,,0.046966,0.005094,,,0,0.02630096,0.02442232,0.02160436,0.01925606,0.0164381,0.01315048,0.00986286,0.00892354,inf,,,0.00539
2025-03-31,0.005413,0.005592,0.005111,0.005229,wait,False,,,,,,,,0.046966,0.005094,,,0,0.02630096,0.02442232,0.02160436,0.01925606,0.0164381,0.01315048,0.00986286,0.00892354,inf,,,0.005111
2025-04-01,0.00523,0.005294,0.004685,0.004752,wait,False,,,,,,,,0.046966,0.004685,,,0,0.02630096,0.02442232,0.02160436,0.01925606,0.0164381,0.01315048,0.00986286,0.00892354,inf,,,0.004685
2025-04-02,0.004753,0.004971,0.004509,0.004773,wait,False,,,,,,,,0.046966,0.004509,,,0,0.02630096,0.02442232,0.02160436,0.01925606,0.0164381,0.01315048,0.00986286,0.00892354,inf,,,0.004509
2025-04-03,0.004773,0.00487,0.004475,0.004701,wait,False,,,,,,,,0.046966,0.004475,,,0,0.02630096,0.02442232,0.02160436,0.01925606,0.0164381,0.01315048,0.00986286,0.00892354,inf,,,0.004475
2025-04-04,0.004701,0.004761,0.004535,0.00468,wait,False,,,,,,,,0.046966,0.004475,,,0,0.02630096,0.02442232,0.02160436,0.01925606,0.0164381,0.01315048,0.00986286,0.00892354,inf,,,0.004535
2025-04-05,0.004678,0.00475,0.003881,0.004045,wait,False,,,,,,,,0.046966,0.003881,,,0,0.02630096,0.02442232,0.02160436,0.01925606,0.0164381,0.01315048,0.00986286,0.00892354,inf,,,0.003881
2025-04-06,0.004048,0.004441,0.003876,0.004175,wait,False,,,,,,,,0.046966,0.003876,,,0,0.02630096,0.02442232,0.02160436,0.01925606,0.0164381,0.01315048,0.00986286,0.00892354,inf,,,0.003876
2025-04-07,0.004174,0.004322,0.003832,0.003868,wait,False,,,,,,,,0.046966,0.003832,,,0,0.02630096,0.02442232,0.02160436,0.01925606,0.0164381,0.01315048,0.00986286,0.00892354,inf,,,0.003832
2025-04-08,0.003869,0.004519,0.003702,0.004416,wait,False,,,,,,,,0.046966,0.003702,,,0,0.02630096,0.02442232,0.02160436,0.01925606,0.0164381,0.01315048,0.00986286,0.00892354,inf,,,0.003702
2025-04-09,0.004416,0.004514,0.004083,0.004235,wait,False,,,,,,,,0.046966,0.003702,,,0,0.02630096,0.02442232,0.02160436,0.01925606,0.0164381,0.01315048,0.00986286,0.00892354,inf,,,0.004083
2025-04-10,0.004235,0.00527,0.004182,0.00476,wait,False,,,,,,,,0.046966,0.003702,,,0,0.02630096,0.02442232,0.02160436,0.01925606,0.0164381,0.01315048,0.00986286,0.00892354,inf,,,0.004182
2025-04-11,0.004759,0.005929,0.00473,0.005446,wait,False,,,,,,,,0.046966,0.003702,,,0,0.02630096,0.02442232,0.02160436,0.01925606,0.0164381,0.01315048,0.00986286,0.00892354,inf,,,0.00473
2025-04-12,0.005447,0.005644,0.004871,0.004973,wait,False,,,,,,,,0.046966,0.003702,,,0,0.02630096,0.02442232,0.02160436,0.01925606,0.0164381,0.01315048,0.00986286,0.00892354,inf,,,0.004871
2025-04-13,0.004975,0.00527,0.004734,0.004891,wait,False,,,,,,,,0.046966,0.003702,,,0,0.02630096,0.02442232,0.02160436,0.01925606,0.0164381,0.01315048,0.00986286,0.00892354,inf,,,0.004734
2025-04-14,0.004892,0.004912,0.004495,0.004522,wait,False,,,,,,,,0.046966,0.003702,,,0,0.02630096,0.02442232,0.02160436,0.01925606,0.0164381,0.01315048,0.00986286,0.00892354,inf,,,0.004495
2025-04-15,0.004522,0.004751,0.004267,0.004619,wait,False,,,,,,,,0.046966,0.003702,,,0,0.02630096,0.02442232,0.02160436,0.01925606,0.0164381,0.01315048,0.00986286,0.00892354,inf,,,0.004267
2025-04-16,0.00462,0.00506,0.004461,0.004863,wait,False,,,,,,,,0.046966,0.003702,,,0,0.02630096,0.02442232,0.02160436,0.01925606,0.0164381,0.01315048,0.00986286,0.00892354,inf,,,0.004461
2025-04-17,0.004864,0.005097,0.004577,0.004706,wait,False,,,,,,,,0.046966,0.003702,,,0,0.02630096,0.02442232,0.02160436,0.01925606,0.0164381,0.01315048,0.00986286,0.00892354,inf,,,0.004577
2025-04-18,0.004706,0.005004,0.004682,0.004955,wait,False,,,,,,,,0.046966,0.003702,,,0,0.02630096,0.02442232,0.02160436,0.01925606,0.0164381,0.01315048,0.00986286,0.00892354,inf,,,0.004682
2025-04-19,0.004956,0.005111,0.004801,0.004974,wait,False,,,,,,,,0.046966,0.003702,,,0,0.02630096,0.02442232,0.02160436,0.01925606,0.0164381,0.01315048,0.00986286,0.00892354,inf,,,0.004801
2025-04-20,0.004972,0.005243,0.004927,0.005016,wait,False,,,,,,,,0.046966,0.003702,,,0,0.02630096,0.02442232,0.02160436,0.01925606,0.0164381,0.01315048,0.00986286,0.00892354,inf,,,0.004927
2025-04-21,0.005017,0.00741,0.004871,0.007044,high,False,,RESTART_+98.5pct,HIGH,,,0.00734847,,0.00741,,,,7,0.0041496,0.0038532,0.0034086,0.0030381,0.0025935,0.0020748,0.0015561,0.0014079,,,,
2025-04-21,0.005017,0.00741,0.004871,0.007044,high,False,,RESTART_+98.5pct,,,,,,0.00741,0.004871,,,7,0.0041496,0.0038532,0.0034086,0.0030381,0.0025935,0.0020748,0.0015561,0.0014079,,B7,0.0015561,0.004871
2025-04-22,0.007044,0.007544,0.006524,0.006624,high,False,,,,,,,,0.007544,0.004871,,,7,0.00422464,0.00392288,0.00347024,0.00309304,0.0026404,0.00211232,0.00158424,0.00143336,,B7,0.00158424,0.006524
2025-04-23,0.006623,0.007431,0.006117,0.007294,high,False,,,,,,,,0.007544,0.004871,,,7,0.00422464,0.00392288,0.00347024,0.00309304,0.0026404,0.00211232,0.00158424,0.00143336,,B7,0.00158424,0.006117
2025-04-24,0.007296,0.00984,0.007156,0.008633,high,False,,,,,,,,0.00984,0.004871,,,7,0.0055104,0.0051168,0.0045264,0.0040344,0.003444,0.0027552,0.0020664,0.0018696,,B7,0.0020664,0.007156
2025-04-25,0.008633,0.009959,0.0085,0.009834,high,False,,,,,,,,0.009959,0.004871,,,7,0.00557704,0.00517868,0.00458114,0.00408319,0.00348565,0.00278852,0.00209139,0.00189221,,B7,0.00209139,0.0085
2025-04-26,0.009836,0.013433,0.009264,0.012739,high,False,,,,,,,,0.013433,0.004871,,,7,0.00752248,0.00698516,0.00617918,0.00550753,0.00470155,0.00376124,0.00282093,0.00255227,,B7,0.00282093,0.009264
2025-04-27,0.012741,0.01419,0.011301,0.01208,high,False,,,,,,,,0.01419,0.004871,,,7,0.0079464,0.0073788,0.0065274,0.0058179,0.0049665,0.0039732,0.0029799,0.0026961,,B7,0.0029799,0.011301
2025-04-28,0.01208,0.012337,0.010932,0.011107,high,False,,,,,,,,0.01419,0.004871,,,7,0.0079464,0.0073788,0.0065274,0.0058179,0.0049665,0.0039732,0.0029799,0.0026961,,B7,0.0029799,0.010932
2025-04-29,0.011105,0.01148,0.009898,0.011131,high,False,,,,,,,,0.01419,0.004871,,,7,0.0079464,0.0073788,0.0065274,0.0058179,0.0049665,0.0039732,0.0029799,0.0026961,,B7,0.0029799,0.009898
2025-04-30,0.011131,0.011757,0.010496,0.010584,high,False,,,,,,,,0.01419,0.004871,,,7,0.0079464,0.0073788,0.0065274,0.0058179,0.0049665,0.0039732,0.0029799,0.0026961,,B7,0.0029799,0.010496
2025-05-01,0.010585,0.012796,0.01017,0.011848,high,False,,,,,,,,0.01419,0.004871,,,7,0.0079464,0.0073788,0.0065274,0.0058179,0.0049665,0.0039732,0.0029799,0.0026961,,B7,0.0029799,0.01017
2025-05-02,0.011849,0.012007,0.010327,0.010379,high,False,,,,,,,,0.01419,0.004871,,,7,0.0079464,0.0073788,0.0065274,0.0058179,0.0049665,0.0039732,0.0029799,0.0026961,,B7,0.0029799,0.010327
2025-05-03,0.010378,0.011137,0.009738,0.010445,high,False,,,,,,,,0.01419,0.004871,,,7,0.0079464,0.0073788,0.0065274,0.0058179,0.0049665,0.0039732,0.0029799,0.0026961,,B7,0.0029799,0.009738
2025-05-04,0.010444,0.011297,0.010112,0.010915,high,False,,,,,,,,0.01419,0.004871,,,7,0.0079464,0.0073788,0.0065274,0.0058179,0.0049665,0.0039732,0.0029799,0.0026961,,B7,0.0029799,0.010112
2025-05-05,0.010916,0.012249,0.010352,0.01137,high,False,,,,,,,,0.01419,0.004871,,,7,0.0079464,0.0073788,0.0065274,0.0058179,0.0049665,0.0039732,0.0029799,0.0026961,,B7,0.0029799,0.010352
2025-05-06,0.011374,0.0123,0.010275,0.011239,high,False,,,,,,,,0.01419,0.004871,,,7,0.0079464,0.0073788,0.0065274,0.0058179,0.0049665,0.0039732,0.0029799,0.0026961,,B7,0.0029799,0.010275
2025-05-07,0.01124,0.0145,0.011226,0.01413,high,False,,,,,,,,0.0145,0.004871,,,7,0.00812,0.00754,0.00667,0.005945,0.005075,0.00406,0.003045,0.002755,,B7,0.003045,0.011226
2025-05-08,0.014129,0.017017,0.013545,0.014386,high,False,,,,,,,,0.017017,0.004871,,,7,0.00952952,0.00884884,0.00782782,0.00697697,0.00595595,0.00476476,0.00357357,0.00323323,,B7,0.00357357,0.013545
2025-05-09,0.014385,0.015212,0.013424,0.01511,high,False,,,,,,,,0.017017,0.004871,,,7,0.00952952,0.00884884,0.00782782,0.00697697,0.00595595,0.00476476,0.00357357,0.00323323,,B7,0.00357357,0.013424
2025-05-10,0.015108,0.01537,0.013363,0.014103,high,False,,,,,,,,0.017017,0.004871,,,7,0.00952952,0.00884884,0.00782782,0.00697697,0.00595595,0.00476476,0.00357357,0.00323323,,B7,0.00357357,0.013363
2025-05-11,0.0141,0.014995,0.012539,0.013672,high,False,,,,,,,,0.017017,0.004871,,,7,0.00952952,0.00884884,0.00782782,0.00697697,0.00595595,0.00476476,0.00357357,0.00323323,,B7,0.00357357,0.012539
2025-05-12,0.013678,0.014882,0.013377,0.014295,high,False,,,,,,,,0.017017,0.004871,,,7,0.00952952,0.00884884,0.00782782,0.00697697,0.00595595,0.00476476,0.00357357,0.00323323,,B7,0.00357357,0.013377
2025-05-13,0.014294,0.017502,0.013617,0.014836,high,False,,,,,,,,0.017502,0.004871,,,7,0.00980112,0.00910104,0.00805092,0.00717582,0.0061257,0.00490056,0.00367542,0.00332538,,B7,0.00367542,0.013617
2025-05-14,0.014836,0.014956,0.013024,0.013616,high,False,,,,,,,,0.017502,0.004871,,,7,0.00980112,0.00910104,0.00805092,0.00717582,0.0061257,0.00490056,0.00367542,0.00332538,,B7,0.00367542,0.013024
2025-05-15,0.013615,0.014158,0.012816,0.012935,high,False,,,,,,,,0.017502,0.004871,,,7,0.00980112,0.00910104,0.00805092,0.00717582,0.0061257,0.00490056,0.00367542,0.00332538,,B7,0.00367542,0.012816
2025-05-16,0.012933,0.013018,0.011833,0.01204,high,False,,,,,,,,0.017502,0.004871,,,7,0.00980112,0.00910104,0.00805092,0.00717582,0.0061257,0.00490056,0.00367542,0.00332538,,B7,0.00367542,0.011833
2025-05-17,0.012041,0.013471,0.01201,0.013121,high,False,,,,,,,,0.017502,0.004871,,,7,0.00980112,0.00910104,0.00805092,0.00717582,0.0061257,0.00490056,0.00367542,0.00332538,,B7,0.00367542,0.01201
2025-05-18,0.013122,0.013219,0.011834,0.01295,high,False,,,,,,,,0.017502,0.004871,,,7,0.00980112,0.00910104,0.00805092,0.00717582,0.0061257,0.00490056,0.00367542,0.00332538,,B7,0.00367542,0.011834
2025-05-19,0.012951,0.01317,0.012108,0.012596,high,False,,,,,,,,0.017502,0.004871,,,7,0.00980112,0.00910104,0.00805092,0.00717582,0.0061257,0.00490056,0.00367542,0.00332538,,B7,0.00367542,0.012108
2025-05-20,0.012597,0.014059,0.012456,0.013882,high,False,,,,,,,,0.017502,0.004871,,,7,0.00980112,0.00910104,0.00805092,0.00717582,0.0061257,0.00490056,0.00367542,0.00332538,,B7,0.00367542,0.012456
2025-05-21,0.013885,0.01467,0.013337,0.014607,high,False,,,,,,,,0.017502,0.004871,,,7,0.00980112,0.00910104,0.00805092,0.00717582,0.0061257,0.00490056,0.00367542,0.00332538,,B7,0.00367542,0.013337
2025-05-22,0.014607,0.015061,0.01272,0.01286,high,False,,,,,,,,0.017502,0.004871,,,7,0.00980112,0.00910104,0.00805092,0.00717582,0.0061257,0.00490056,0.00367542,0.00332538,,B7,0.00367542,0.01272
2025-05-23,0.012856,0.013443,0.012751,0.013203,high,False,,,,,,,,0.017502,0.004871,,,7,0.00980112,0.00910104,0.00805092,0.00717582,0.0061257,0.00490056,0.00367542,0.00332538,,B7,0.00367542,0.012751
2025-05-24,0.013205,0.013349,0.012016,0.012962,high,False,,,,,,,,0.017502,0.004871,,,7,0.00980112,0.00910104,0.00805092,0.00717582,0.0061257,0.00490056,0.00367542,0.00332538,,B7,0.00367542,0.012016
2025-05-25,0.012958,0.013278,0.012257,0.012513,high,False,,,,,,,,0.017502,0.004871,,,7,0.00980112,0.00910104,0.00805092,0.00717582,0.0061257,0.00490056,0.00367542,0.00332538,,B7,0.00367542,0.012257
2025-05-26,0.012514,0.013487,0.012132,0.013072,high,False,,,,,,,,0.017502,0.004871,,,7,0.00980112,0.00910104,0.00805092,0.00717582,0.0061257,0.00490056,0.00367542,0.00332538,,B7,0.00367542,0.012132
2025-05-27,0.013072,0.01311,0.011965,0.01243,high,False,,,,,,,,0.017502,0.004871,,,7,0.00980112,0.00910104,0.00805092,0.00717582,0.0061257,0.00490056,0.00367542,0.00332538,,B7,0.00367542,0.011965
2025-05-28,0.012431,0.012739,0.011457,0.011569,high,False,,,,,,,,0.017502,0.004871,,,7,0.00980112,0.00910104,0.00805092,0.00717582,0.0061257,0.00490056,0.00367542,0.00332538,,B7,0.00367542,0.011457
2025-05-29,0.011568,0.011647,0.010009,0.010134,high,False,,,,,,,,0.017502,0.004871,,,7,0.00980112,0.00910104,0.00805092,0.00717582,0.0061257,0.00490056,0.00367542,0.00332538,,B7,0.00367542,0.010009
2025-05-30,0.010136,0.010335,0.009551,0.010164,wait,True,1,BUY B1,LOW,B1,0.00980112,0.009551,0.00980112,0.017502,0.009551,,,7,0.00980112,0.00910104,0.00805092,0.00717582,0.0061257,0.00490056,0.00367542,0.00332538,,B1,0.00980112,0.009551
2025-05-30,0.010136,0.010335,0.009551,0.010164,wait,False,,SELL S,HIGH,,,0.01028643,0.01028643,0.017502,0.009551,,7.7,7,0.00980112,0.00910104,0.00805092,0.00717582,0.0061257,0.00490056,0.00367542,0.00332538,0.010286427,,,
2025-05-30,0.010136,0.010335,0.009551,0.010164,wait,False,,,,,,,,0.017502,0.009551,8.208565,7.7,7,0.00980112,0.00910104,0.00805092,0.00717582,0.0061257,0.00490056,0.00367542,0.00332538,0.010286427,B1,0.00980112,0.009551
2025-05-31,0.010164,0.010911,0.009995,0.010828,wait,False,,,,,,,,0.017502,0.009551,,,7,0.00980112,0.00910104,0.00805092,0.00717582,0.0061257,0.00490056,0.00367542,0.00332538,0.010286427,B7,0.00367542,0.009995
2025-06-01,0.010828,0.011,0.010235,0.010884,wait,False,,,,,,,,0.017502,0.009551,,,7,0.00980112,0.00910104,0.00805092,0.00717582,0.0061257,0.00490056,0.00367542,0.00332538,0.010286427,B7,0.00367542,0.010235
2025-06-02,0.010884,0.011379,0.010316,0.010415,wait,False,,,,,,,,0.017502,0.009551,,,7,0.00980112,0.00910104,0.00805092,0.00717582,0.0061257,0.00490056,0.00367542,0.00332538,0.010286427,B7,0.00367542,0.010316
2025-06-03,0.010415,0.010651,0.00982,0.010088,wait,False,,,,,,,,0.017502,0.009551,,,7,0.00980112,0.00910104,0.00805092,0.00717582,0.0061257,0.00490056,0.00367542,0.00332538,0.010286427,B7,0.00367542,0.00982
2025-06-04,0.010087,0.010269,0.008868,0.009291,wait,True,1,BUY B1,LOW,B1,0.00980112,0.008868,0.00980112,0.017502,0.008868,,,7,0.00980112,0.00910104,0.00805092,0.00717582,0.0061257,0.00490056,0.00367542,0.00332538,0.010286427,B1,0.00980112,0.008868
2025-06-04,0.010087,0.010269,0.008868,0.009291,wait,True,2,ADD B2,LOW,B2,0.00910104,0.008868,0.00910104,0.017502,0.008868,,,7,0.00980112,0.00910104,0.00805092,0.00717582,0.0061257,0.00490056,0.00367542,0.00332538,0.010286427,B2,0.00910104,0.008868
2025-06-04,0.010087,0.010269,0.008868,0.009291,wait,True,2,,,,,,,0.017502,0.008868,15.798376,17.3,7,0.00980112,0.00910104,0.00805092,0.00717582,0.0061257,0.00490056,0.00367542,0.00332538,0.010286427,B1,0.00980112,0.008868
2025-06-05,0.009292,0.009791,0.009154,0.009397,wait,True,2,,,,,,,0.017502,0.008868,10.408209,17.3,7,0.00980112,0.00910104,0.00805092,0.00717582,0.0061257,0.00490056,0.00367542,0.00332538,0.010286427,B7,0.00367542,0.009154
2025-06-06,0.009397,0.010449,0.00936,0.010088,wait,False,,SELL S,HIGH,,,0.01040216,0.01040216,0.017502,0.008868,,17.3,7,0.00980112,0.00910104,0.00805092,0.00717582,0.0061257,0.00490056,0.00367542,0.00332538,0.010402164,,,
2025-06-06,0.009397,0.010449,0.00936,0.010088,wait,False,,,,,,,,0.017502,0.008868,17.828146,17.3,7,0.00980112,0.00910104,0.00805092,0.00717582,0.0061257,0.00490056,0.00367542,0.00332538,0.010402164,B1,0.00980112,0.00936
2025-06-07,0.010089,0.010234,0.009762,0.009923,wait,True,1,BUY B1,LOW,B1,0.00980112,0.009762,0.00980112,0.017502,0.008868,,,7,0.00980112,0.00910104,0.00805092,0.00717582,0.0061257,0.00490056,0.00367542,0.00332538,0.010402164,B1,0.00980112,0.009762
2025-06-07,0.010089,0.010234,0.009762,0.009923,wait,False,,SELL S,HIGH,,,0.00955084,0.010089,0.017502,0.008868,,7.7,7,0.00980112,0.00910104,0.00805092,0.00717582,0.0061257,0.00490056,0.00367542,0.00332538,0.010089,,,
2025-06-07,0.010089,0.010234,0.009762,0.009923,wait,False,,,,,,,,0.017502,0.008868,15.403699,7.7,7,0.00980112,0.00910104,0.00805092,0.00717582,0.0061257,0.00490056,0.00367542,0.00332538,0.010089,B1,0.00980112,0.009762
2025-06-08,0.009922,0.011045,0.00977,0.011015,wait,True,1,BUY B1,LOW,B1,0.00980112,0.00977,0.00980112,0.017502,0.008868,,,7,0.00980112,0.00910104,0.00805092,0.00717582,0.0061257,0.00490056,0.00367542,0.00332538,0.010089,B1,0.00980112,0.00977
2025-06-08,0.009922,0.011045,0.00977,0.011015,wait,False,,SELL S,HIGH,,,0.00955084,0.009922,0.017502,0.008868,,7.7,7,0.00980112,0.00910104,0.00805092,0.00717582,0.0061257,0.00490056,0.00367542,0.00332538,0.009922,,,
2025-06-08,0.009922,0.011045,0.00977,0.011015,wait,False,,,,,,,,0.017502,0.008868,24.54894,7.7,7,0.00980112,0.00910104,0.00805092,0.00717582,0.0061257,0.00490056,0.00367542,0.00332538,0.009922,B1,0.00980112,0.00977
2025-06-09,0.011015,0.012539,0.010772,0.012321,wait,False,,,,,,,,0.017502,0.008868,,,7,0.00980112,0.00910104,0.00805092,0.00717582,0.0061257,0.00490056,0.00367542,0.00332538,0.009922,B7,0.00367542,0.010772
2025-06-10,0.012321,0.012405,0.01117,0.011257,wait,False,,,,,,,,0.017502,0.008868,,,7,0.00980112,0.00910104,0.00805092,0.00717582,0.0061257,0.00490056,0.00367542,0.00332538,0.009922,B7,0.00367542,0.01117
2025-06-11,0.01126,0.011346,0.010114,0.010147,wait,False,,,,,,,,0.017502,0.008868,,,7,0.00980112,0.00910104,0.00805092,0.00717582,0.0061257,0.00490056,0.00367542,0.00332538,0.009922,B7,0.00367542,0.010114
2025-06-12,0.010147,0.010154,0.008957,0.009898,wait,True,1,BUY B1,LOW,B1,0.00980112,0.008957,0.00980112,0.017502,0.008868,,,7,0.00980112,0.00910104,0.00805092,0.00717582,0.0061257,0.00490056,0.00367542,0.00332538,0.009922,B1,0.00980112,0.008957
2025-06-12,0.010147,0.010154,0.008957,0.009898,wait,True,2,ADD B2,LOW,B2,0.00910104,0.008957,0.00910104,0.017502,0.008868,,,7,0.00980112,0.00910104,0.00805092,0.00717582,0.0061257,0.00490056,0.00367542,0.00332538,0.009922,B2,0.00910104,0.008957
2025-06-12,0.010147,0.010154,0.008957,0.009898,wait,True,2,,,,,,,0.017502,0.008868,14.501579,17.3,7,0.00980112,0.00910104,0.00805092,0.00717582,0.0061257,0.00490056,0.00367542,0.00332538,0.009922,B1,0.00980112,0.008957
2025-06-13,0.009898,0.00994,0.009334,0.009592,wait,True,2,,,,,,,0.017502,0.008868,12.088408,17.3,7,0.00980112,0.00910104,0.00805092,0.00717582,0.0061257,0.00490056,0.00367542,0.00332538,0.009922,B1,0.00980112,0.009334
2025-06-14,0.009593,0.009968,0.009483,0.009781,wait,True,2,,,,,,,0.017502,0.008868,12.40415,17.3,7,0.00980112,0.00910104,0.00805092,0.00717582,0.0061257,0.00490056,0.00367542,0.00332538,0.009922,B1,0.00980112,0.009483
2025-06-15,0.009781,0.01059,0.009565,0.010065,wait,False,,SELL S,HIGH,,,0.01040216,0.01040216,0.017502,0.008868,,17.3,7,0.00980112,0.00910104,0.00805092,0.00717582,0.0061257,0.00490056,0.00367542,0.00332538,0.010402164,,,
2025-06-15,0.009781,0.01059,0.009565,0.010065,wait,False,,,,,,,,0.017502,0.008868,19.418133,17.3,7,0.00980112,0.00910104,0.00805092,0.00717582,0.0061257,0.00490056,0.00367542,0.00332538,0.010402164,B1,0.00980112,0.009565
2025-06-16,0.010064,0.01054,0.009162,0.009232,wait,True,1,BUY B1,LOW,B1,0.00980112,0.009162,0.00980112,0.017502,0.008868,,,7,0.00980112,0.00910104,0.00805092,0.00717582,0.0061257,0.00490056,0.00367542,0.00332538,0.010402164,B1,0.00980112,0.009162
2025-06-16,0.010064,0.01054,0.009162,0.009232,wait,False,,SELL S,HIGH,,,0.00955084,0.00955084,0.017502,0.008868,,7.7,6,0.00980112,0.00910104,0.00805092,0.00717582,0.0061257,0.00490056,0.00367542,0.00332538,0.009550836,,,
2025-06-16,0.010064,0.01054,0.009162,0.009232,wait,False,,,,,,,,0.017502,0.008868,18.854308,7.7,6,0.00980112,0.00910104,0.00805092,0.00717582,0.0061257,0.00490056,0.00367542,0.00332538,0.009550836,B7,0.00367542,0.009162
2025-06-17,0.009231,0.009553,0.008792,0.009553,wait,True,2,BUY B2,LOW,B2,0.00910104,0.008792,0.00910104,0.017502,0.008792,,,6,0.00980112,0.00910104,0.00805092,0.00717582,0.0061257,0.00490056,0.00367542,0.00332538,0.009550836,B2,0.00910104,0.008792
2025-06-17,0.009231,0.009553,0.008792,0.009553,wait,True,2,,,,,,,0.017502,0.008792,8.655596,17.3,6,0.00980112,0.00910104,0.00805092,0.00717582,0.0061257,0.00490056,0.00367542,0.00332538,0.009550836,B2,0.00910104,0.008792
2025-06-18,0.009553,0.009718,0.009127,0.009327,wait,True,2,,,,,,,0.017502,0.008792,10.532302,17.3,6,0.00980112,0.00910104,0.00805092,0.00717582,0.0061257,0.00490056,0.00367542,0.00332538,0.009550836,B7,0.00367542,0.009127
2025-06-19,0.009326,0.009703,0.008744,0.009034,wait,True,2,,,,,,,0.017502,0.008744,10.967521,17.3,6,0.00980112,0.00910104,0.00805092,0.00717582,0.0061257,0.00490056,0.00367542,0.00332538,0.009550836,B2,0.00910104,0.008744
2025-06-20,0.009035,0.009481,0.008234,0.008637,wait,True,2,,,,,,,0.017502,0.008234,15.144523,17.3,6,0.00980112,0.00910104,0.00805092,0.00717582,0.0061257,0.00490056,0.00367542,0.00332538,0.009550836,B2,0.00910104,0.008234
2025-06-21,0.008639,0.008811,0.007737,0.00845,wait,True,3,ADD B3,LOW,B3,0.00805092,0.007737,0.00805092,0.017502,0.007737,,,6,0.00980112,0.00910104,0.00805092,0.00717582,0.0061257,0.00490056,0.00367542,0.00332538,0.009550836,B3,0.00805092,0.007737
2025-06-21,0.008639,0.008811,0.007737,0.00845,wait,True,3,,,,,,,0.017502,0.007737,13.881349,24.4,6,0.00980112,0.00910104,0.00805092,0.00717582,0.0061257,0.00490056,0.00367542,0.00332538,0.009550836,B3,0.00805092,0.007737
2025-06-22,0.008449,0.009941,0.008234,0.009829,wait,False,,SELL S,HIGH,,,0.00962483,0.00962483,0.017502,0.007737,,24.4,6,0.00980112,0.00910104,0.00805092,0.00717582,0.0061257,0.00490056,0.00367542,0.00332538,0.009624828,,,
2025-06-22,0.008449,0.009941,0.008234,0.009829,wait,False,,,,,,,,0.017502,0.007737,28.486493,24.4,6,0.00980112,0.00910104,0.00805092,0.00717582,0.0061257,0.00490056,0.00367542,0.00332538,0.009624828,B2,0.00910104,0.008234
2025-06-23,0.009832,0.010203,0.009536,0.009969,wait,False,,,,,,,,0.017502,0.007737,,,6,0.00980112,0.00910104,0.00805092,0.00717582,0.0061257,0.00490056,0.00367542,0.00332538,0.009624828,B7,0.00367542,0.009536
2025-06-24,0.009969,0.010303,0.009516,0.009673,wait,False,,,,,,,,0.017502,0.007737,,,6,0.00980112,0.00910104,0.00805092,0.00717582,0.0061257,0.00490056,0.00367542,0.00332538,0.009624828,B7,0.00367542,0.009516
2025-06-25,0.009674,0.009996,0.009067,0.009186,wait,True,2,BUY B2,LOW,B2,0.00910104,0.009067,0.00910104,0.017502,0.007737,,,6,0.00980112,0.00910104,0.00805092,0.00717582,0.0061257,0.00490056,0.00367542,0.00332538,0.009624828,B2,0.00910104,0.009067
2025-06-25,0.009674,0.009996,0.009067,0.009186,wait,False,,SELL S,HIGH,,,0.0090755,0.0090755,0.017502,0.007737,,17.3,5,0.00980112,0.00910104,0.00805092,0.00717582,0.0061257,0.00490056,0.00367542,0.00332538,0.009075501,,,
2025-06-25,0.009674,0.009996,0.009067,0.009186,wait,False,,,,,,,,0.017502,0.007737,29.197363,17.3,5,0.00980112,0.00910104,0.00805092,0.00717582,0.0061257,0.00490056,0.00367542,0.00332538,0.009075501,B7,0.00367542,0.009067
2025-06-26,0.009186,0.011095,0.009016,0.010753,wait,False,,,,,,,,0.017502,0.007737,,,5,0.00980112,0.00910104,0.00805092,0.00717582,0.0061257,0.00490056,0.00367542,0.00332538,0.009075501,B7,0.00367542,0.009016
2025-06-27,0.010753,0.014552,0.010377,0.013911,wait,False,,,,,,,,0.017502,0.007737,,,5,0.00980112,0.00910104,0.00805092,0.00717582,0.0061257,0.00490056,0.00367542,0.00332538,0.009075501,B7,0.00367542,0.010377
2025-06-28,0.013908,0.014635,0.012871,0.014054,wait,False,,,,,,,,0.017502,0.007737,,,5,0.00980112,0.00910104,0.00805092,0.00717582,0.0061257,0.00490056,0.00367542,0.00332538,0.009075501,B7,0.00367542,0.012871
2025-06-29,0.014053,0.015518,0.013213,0.014724,high,False,,RESTART_+98.5pct,HIGH,,,0.01535795,,0.015518,,,,7,0.00869008,0.00806936,0.00713828,0.00636238,0.0054313,0.00434504,0.00325878,0.00294842,,,,
2025-06-29,0.014053,0.015518,0.013213,0.014724,high,False,,RESTART_+98.5pct,,,,,,0.015518,0.013213,,,7,0.00869008,0.00806936,0.00713828,0.00636238,0.0054313,0.00434504,0.00325878,0.00294842,,B7,0.00325878,0.013213
2025-06-30,0.014726,0.015597,0.013798,0.014633,high,False,,,,,,,,0.015597,0.013213,,,7,0.00873432,0.00811044,0.00717462,0.00639477,0.00545895,0.00436716,0.00327537,0.00296343,,B7,0.00327537,0.013798
2025-07-01,0.014633,0.0168,0.013654,0.015505,high,False,,,,,,,,0.0168,0.013213,,,7,0.009408,0.008736,0.007728,0.006888,0.00588,0.004704,0.003528,0.003192,,B7,0.003528,0.013654
2025-07-02,0.015505,0.0172,0.014991,0.016823,high,False,,,,,,,,0.0172,0.013213,,,7,0.009632,0.008944,0.007912,0.007052,0.00602,0.004816,0.003612,0.003268,,B7,0.003612,0.014991
2025-07-03,0.016818,0.017143,0.0156,0.016413,high,False,,,,,,,,0.0172,0.013213,,,7,0.009632,0.008944,0.007912,0.007052,0.00602,0.004816,0.003612,0.003268,,B7,0.003612,0.0156
2025-07-04,0.016412,0.016878,0.015315,0.01608,high,False,,,,,,,,0.0172,0.013213,,,7,0.009632,0.008944,0.007912,0.007052,0.00602,0.004816,0.003612,0.003268,,B7,0.003612,0.015315
2025-07-05,0.016079,0.016682,0.015625,0.015919,high,False,,,,,,,,0.0172,0.013213,,,7,0.009632,0.008944,0.007912,0.007052,0.00602,0.004816,0.003612,0.003268,,B7,0.003612,0.015625
2025-07-06,0.01592,0.01596,0.0143,0.014541,high,False,,,,,,,,0.0172,0.013213,,,7,0.009632,0.008944,0.007912,0.007052,0.00602,0.004816,0.003612,0.003268,,B7,0.003612,0.0143
2025-07-07,0.014541,0.01556,0.014444,0.014901,high,False,,,,,,,,0.0172,0.013213,,,7,0.009632,0.008944,0.007912,0.007052,0.00602,0.004816,0.003612,0.003268,,B7,0.003612,0.014444
2025-07-08,0.014905,0.015608,0.014426,0.015384,high,False,,,,,,,,0.0172,0.013213,,,7,0.009632,0.008944,0.007912,0.007052,0.00602,0.004816,0.003612,0.003268,,B7,0.003612,0.014426
2025-07-09,0.015384,0.0203,0.015308,0.019108,high,False,,,,,,,,0.0203,0.013213,,,7,0.011368,0.010556,0.009338,0.008323,0.007105,0.005684,0.004263,0.003857,,B7,0.004263,0.015308
2025-07-10,0.019113,0.02442,0.018955,0.02355,high,False,,,,,,,,0.02442,0.013213,,,7,0.0136752,0.0126984,0.0112332,0.0100122,0.008547,0.0068376,0.0051282,0.0046398,,B7,0.0051282,0.018955
2025-07-11,0.023551,0.024682,0.021345,0.0233,high,False,,,,,,,,0.024682,0.013213,,,7,0.01382192,0.01283464,0.01135372,0.01011962,0.0086387,0.00691096,0.00518322,0.00468958,,B7,0.00518322,0.021345
2025-07-12,0.023303,0.032637,0.02272,0.030012,high,False,,,,,,,,0.032637,0.013213,,,7,0.01827672,0.01697124,0.01501302,0.01338117,0.01142295,0.00913836,0.00685377,0.00620103,,B7,0.00685377,0.02272
2025-07-13,0.030015,0.031488,0.027101,0.029895,high,False,,,,,,,,0.032637,0.013213,,,7,0.01827672,0.01697124,0.01501302,0.01338117,0.01142295,0.00913836,0.00685377,0.00620103,,B7,0.00685377,0.027101
2025-07-14,0.0299,0.034887,0.028931,0.032361,high,False,,,,,,,,0.034887,0.013213,,,7,0.01953672,0.01814124,0.01604802,0.01430367,0.01221045,0.00976836,0.00732627,0.00662853,,B7,0.00732627,0.028931
2025-07-15,0.03236,0.03512,0.030315,0.030812,high,False,,,,,,,,0.03512,0.013213,,,7,0.0196672,0.0182624,0.0161552,0.0143992,0.012292,0.0098336,0.0073752,0.0066728,,B7,0.0073752,0.030315
2025-07-16,0.030812,0.032631,0.028905,0.030209,high,False,,,,,,,,0.03512,0.013213,,,7,0.0196672,0.0182624,0.0161552,0.0143992,0.012292,0.0098336,0.0073752,0.0066728,,B7,0.0073752,0.028905
2025-07-17,0.03021,0.032347,0.028727,0.032229,high,False,,,,,,,,0.03512,0.013213,,,7,0.0196672,0.0182624,0.0161552,0.0143992,0.012292,0.0098336,0.0073752,0.0066728,,B7,0.0073752,0.028727
2025-07-18,0.032228,0.033758,0.029672,0.030902,high,False,,,,,,,,0.03512,0.013213,,,7,0.0196672,0.0182624,0.0161552,0.0143992,0.012292,0.0098336,0.0073752,0.0066728,,B7,0.0073752,0.029672
2025-07-19,0.030903,0.032198,0.030125,0.030973,high,False,,,,,,,,0.03512,0.013213,,,7,0.0196672,0.0182624,0.0161552,0.0143992,0.012292,0.0098336,0.0073752,0.0066728,,B7,0.0073752,0.030125
2025-07-20,0.030972,0.0402,0.030509,0.037191,high,False,,,,,,,,0.0402,0.013213,,,7,0.022512,0.020904,0.018492,0.016482,0.01407,0.011256,0.008442,0.007638,,B7,0.008442,0.030509
2025-07-21,0.037191,0.044829,0.035938,0.04223,high,False,,,,,,,,0.044829,0.013213,,,7,0.02510424,0.02331108,0.02062134,0.01837989,0.01569015,0.01255212,0.00941409,0.00851751,,B7,0.00941409,0.035938
2025-07-22,0.042238,0.046608,0.038521,0.042897,high,False,,,,,,,,0.046608,0.013213,,,7,0.02610048,0.02423616,0.02143968,0.01910928,0.0163128,0.01305024,0.00978768,0.00885552,,B7,0.00978768,0.038521
2025-07-23,0.042898,0.04381,0.037224,0.037631,high,False,,,,,,,,0.046608,0.013213,,,7,0.02610048,0.02423616,0.02143968,0.01910928,0.0163128,0.01305024,0.00978768,0.00885552,,B7,0.00978768,0.037224
2025-07-24,0.037632,0.039464,0.035575,0.039195,high,False,,,,,,,,0.046608,0.013213,,,7,0.02610048,0.02423616,0.02143968,0.01910928,0.0163128,0.01305024,0.00978768,0.00885552,,B7,0.00978768,0.035575
2025-07-25,0.039195,0.044912,0.038642,0.041953,high,False,,,,,,,,0.046608,0.013213,,,7,0.02610048,0.02423616,0.02143968,0.01910928,0.0163128,0.01305024,0.00978768,0.00885552,,B7,0.00978768,0.038642
2025-07-26,0.041954,0.045895,0.041212,0.04313,high,False,,,,,,,,0.046608,0.013213,,,7,0.02610048,0.02423616,0.02143968,0.01910928,0.0163128,0.01305024,0.00978768,0.00885552,,B7,0.00978768,0.041212
2025-07-27,0.04312,0.043782,0.039434,0.040437,high,False,,,,,,,,0.046608,0.013213,,,7,0.02610048,0.02423616,0.02143968,0.01910928,0.0163128,0.01305024,0.00978768,0.00885552,,B7,0.00978768,0.039434
2025-07-28,0.04044,0.041653,0.036814,0.038044,high,False,,,,,,,,0.046608,0.013213,,,7,0.02610048,0.02423616,0.02143968,0.01910928,0.0163128,0.01305024,0.00978768,0.00885552,,B7,0.00978768,0.036814
2025-07-29,0.038051,0.03948,0.033661,0.035456,high,False,,,,,,,,0.046608,0.013213,,,7,0.02610048,0.02423616,0.02143968,0.01910928,0.0163128,0.01305024,0.00978768,0.00885552,,B7,0.00978768,0.033661
2025-07-30,0.035457,0.040294,0.033417,0.033713,high,False,,,,,,,,0.046608,0.013213,,,7,0.02610048,0.02423616,0.02143968,0.01910928,0.0163128,0.01305024,0.00978768,0.00885552,,B7,0.00978768,0.033417
2025-07-31,0.033713,0.034772,0.032379,0.034243,high,False,,,,,,,,0.046608,0.013213,,,7,0.02610048,0.02423616,0.02143968,0.01910928,0.0163128,0.01305024,0.00978768,0.00885552,,B7,0.00978768,0.032379
2025-08-01,0.034243,0.036454,0.03117,0.033268,high,False,,,,,,,,0.046608,0.013213,,,7,0.02610048,0.02423616,0.02143968,0.01910928,0.0163128,0.01305024,0.00978768,0.00885552,,B7,0.00978768,0.03117
2025-08-02,0.033272,0.036308,0.032457,0.035319,high,False,,,,,,,,0.046608,0.013213,,,7,0.02610048,0.02423616,0.02143968,0.01910928,0.0163128,0.01305024,0.00978768,0.00885552,,B7,0.00978768,0.032457
2025-08-03,0.035318,0.037427,0.034362,0.036247,high,False,,,,,,,,0.046608,0.013213,,,7,0.02610048,0.02423616,0.02143968,0.01910928,0.0163128,0.01305024,0.00978768,0.00885552,,B7,0.00978768,0.034362
2025-08-04,0.036241,0.03633,0.032815,0.033478,high,False,,,,,,,,0.046608,0.013213,,,7,0.02610048,0.02423616,0.02143968,0.01910928,0.0163128,0.01305024,0.00978768,0.00885552,,B7,0.00978768,0.032815
2025-08-05,0.03348,0.036236,0.0324,0.035646,high,False,,,,,,,,0.046608,0.013213,,,7,0.02610048,0.02423616,0.02143968,0.01910928,0.0163128,0.01305024,0.00978768,0.00885552,,B7,0.00978768,0.0324
2025-08-06,0.035647,0.037488,0.034434,0.037236,high,False,,,,,,,,0.046608,0.013213,,,7,0.02610048,0.02423616,0.02143968,0.01910928,0.0163128,0.01305024,0.00978768,0.00885552,,B7,0.00978768,0.034434
2025-08-07,0.037235,0.039004,0.036136,0.037746,high,False,,,,,,,,0.046608,0.013213,,,7,0.02610048,0.02423616,0.02143968,0.01910928,0.0163128,0.01305024,0.00978768,0.00885552,,B7,0.00978768,0.036136
2025-08-08,0.037742,0.039932,0.036642,0.038613,high,False,,,,,,,,0.046608,0.013213,,,7,0.02610048,0.02423616,0.02143968,0.01910928,0.0163128,0.01305024,0.00978768,0.00885552,,B7,0.00978768,0.036642
2025-08-09,0.038611,0.041867,0.038058,0.040279,high,False,,,,,,,,0.046608,0.013213,,,7,0.02610048,0.02423616,0.02143968,0.01910928,0.0163128,0.01305024,0.00978768,0.00885552,,B7,0.00978768,0.038058
2025-08-10,0.040279,0.041487,0.035839,0.036394,high,False,,,,,,,,0.046608,0.013213,,,7,0.02610048,0.02423616,0.02143968,0.01910928,0.0163128,0.01305024,0.00978768,0.00885552,,B7,0.00978768,0.035839
2025-08-11,0.036396,0.037728,0.034526,0.037285,high,False,,,,,,,,0.046608,0.013213,,,7,0.02610048,0.02423616,0.02143968,0.01910928,0.0163128,0.01305024,0.00978768,0.00885552,,B7,0.00978768,0.034526
2025-08-12,0.037286,0.038529,0.035891,0.037536,high,False,,,,,,,,0.046608,0.013213,,,7,0.02610048,0.02423616,0.02143968,0.01910928,0.0163128,0.01305024,0.00978768,0.00885552,,B7,0.00978768,0.035891
2025-08-13,0.037537,0.038684,0.03197,0.033087,high,False,,,,,,,,0.046608,0.013213,,,7,0.02610048,0.02423616,0.02143968,0.01910928,0.0163128,0.01305024,0.00978768,0.00885552,,B7,0.00978768,0.03197
2025-08-14,0.033087,0.035254,0.030841,0.032402,high,False,,,,,,,,0.046608,0.013213,,,7,0.02610048,0.02423616,0.02143968,0.01910928,0.0163128,0.01305024,0.00978768,0.00885552,,B7,0.00978768,0.030841
2025-08-15,0.032402,0.033332,0.032099,0.03317,high,False,,,,,,,,0.046608,0.013213,,,7,0.02610048,0.02423616,0.02143968,0.01910928,0.0163128,0.01305024,0.00978768,0.00885552,,B7,0.00978768,0.032099
2025-08-16,0.033175,0.034304,0.032459,0.03286,high,False,,,,,,,,0.046608,0.013213,,,7,0.02610048,0.02423616,0.02143968,0.01910928,0.0163128,0.01305024,0.00978768,0.00885552,,B7,0.00978768,0.032459
2025-08-17,0.032861,0.032973,0.030735,0.03111,high,False,,,,,,,,0.046608,0.013213,,,7,0.02610048,0.02423616,0.02143968,0.01910928,0.0163128,0.01305024,0.00978768,0.00885552,,B7,0.00978768,0.030735
2025-08-18,0.03111,0.032543,0.029385,0.029554,high,False,,,,,,,,0.046608,0.013213,,,7,0.02610048,0.02423616,0.02143968,0.01910928,0.0163128,0.01305024,0.00978768,0.00885552,,B7,0.00978768,0.029385
2025-08-19,0.029554,0.032264,0.028625,0.032083,high,False,,,,,,,,0.046608,0.013213,,,7,0.02610048,0.02423616,0.02143968,0.01910928,0.0163128,0.01305024,0.00978768,0.00885552,,B7,0.00978768,0.028625
2025-08-20,0.032084,0.032769,0.030014,0.030473,high,False,,,,,,,,0.046608,0.013213,,,7,0.02610048,0.02423616,0.02143968,0.01910928,0.0163128,0.01305024,0.00978768,0.00885552,,B7,0.00978768,0.030014
2025-08-21,0.030473,0.036999,0.028836,0.036231,high,False,,,,,,,,0.046608,0.013213,,,7,0.02610048,0.02423616,0.02143968,0.01910928,0.0163128,0.01305024,0.00978768,0.00885552,,B7,0.00978768,0.028836
2025-08-22,0.036232,0.036897,0.034691,0.036289,high,False,,,,,,,,0.046608,0.013213,,,7,0.02610048,0.02423616,0.02143968,0.01910928,0.0163128,0.01305024,0.00978768,0.00885552,,B7,0.00978768,0.034691
2025-08-23,0.036291,0.03642,0.033496,0.03411,high,False,,,,,,,,0.046608,0.013213,,,7,0.02610048,0.02423616,0.02143968,0.01910928,0.0163128,0.01305024,0.00978768,0.00885552,,B7,0.00978768,0.033496
2025-08-24,0.034111,0.034936,0.029481,0.029952,high,False,,,,,,,,0.046608,0.013213,,,7,0.02610048,0.02423616,0.02143968,0.01910928,0.0163128,0.01305024,0.00978768,0.00885552,,B7,0.00978768,0.029481
2025-08-25,0.029952,0.031634,0.029716,0.03115,high,False,,,,,,,,0.046608,0.013213,,,7,0.02610048,0.02423616,0.02143968,0.01910928,0.0163128,0.01305024,0.00978768,0.00885552,,B7,0.00978768,0.029716
2025-08-26,0.031154,0.031569,0.029943,0.030024,high,False,,,,,,,,0.046608,0.013213,,,7,0.02610048,0.02423616,0.02143968,0.01910928,0.0163128,0.01305024,0.00978768,0.00885552,,B7,0.00978768,0.029943
2025-08-27,0.030025,0.031026,0.029585,0.030459,high,False,,,,,,,,0.046608,0.013213,,,7,0.02610048,0.02423616,0.02143968,0.01910928,0.0163128,0.01305024,0.00978768,0.00885552,,B7,0.00978768,0.029585
2025-08-28,0.030463,0.030529,0.028405,0.029283,high,False,,,,,,,,0.046608,0.013213,,,7,0.02610048,0.02423616,0.02143968,0.01910928,0.0163128,0.01305024,0.00978768,0.00885552,,B7,0.00978768,0.028405
2025-08-29,0.029284,0.030654,0.028688,0.029775,high,False,,,,,,,,0.046608,0.013213,,,7,0.02610048,0.02423616,0.02143968,0.01910928,0.0163128,0.01305024,0.00978768,0.00885552,,B7,0.00978768,0.028688
2025-08-30,0.029775,0.03042,0.028948,0.028956,high,False,,,,,,,,0.046608,0.013213,,,7,0.02610048,0.02423616,0.02143968,0.01910928,0.0163128,0.01305024,0.00978768,0.00885552,,B7,0.00978768,0.028948
2025-08-31,0.028954,0.029506,0.027587,0.028496,high,False,,,,,,,,0.046608,0.013213,,,7,0.02610048,0.02423616,0.02143968,0.01910928,0.0163128,0.01305024,0.00978768,0.00885552,,B7,0.00978768,0.027587
2025-09-01,0.028497,0.031058,0.027999,0.030934,high,False,,,,,,,,0.046608,0.013213,,,7,0.02610048,0.02423616,0.02143968,0.01910928,0.0163128,0.01305024,0.00978768,0.00885552,,B7,0.00978768,0.027999
2025-09-02,0.030934,0.0313,0.03,0.030613,high,False,,,,,,,,0.046608,0.013213,,,7,0.02610048,0.02423616,0.02143968,0.01910928,0.0163128,0.01305024,0.00978768,0.00885552,,B7,0.00978768,0.03
2025-09-03,0.030612,0.030885,0.028182,0.028499,high,False,,,,,,,,0.046608,0.013213,,,7,0.02610048,0.02423616,0.02143968,0.01910928,0.0163128,0.01305024,0.00978768,0.00885552,,B7,0.00978768,0.028182
2025-09-04,0.028498,0.030515,0.02847,0.029154,high,False,,,,,,,,0.046608,0.013213,,,7,0.02610048,0.02423616,0.02143968,0.01910928,0.0163128,0.01305024,0.00978768,0.00885552,,B7,0.00978768,0.02847
2025-09-05,0.029155,0.029546,0.02841,0.028589,high,False,,,,,,,,0.046608,0.013213,,,7,0.02610048,0.02423616,0.02143968,0.01910928,0.0163128,0.01305024,0.00978768,0.00885552,,B7,0.00978768,0.02841
2025-09-06,0.02859,0.0312,0.028562,0.030624,high,False,,,,,,,,0.046608,0.013213,,,7,0.02610048,0.02423616,0.02143968,0.01910928,0.0163128,0.01305024,0.00978768,0.00885552,,B7,0.00978768,0.028562
2025-09-07,0.030623,0.034643,0.029991,0.033865,high,False,,,,,,,,0.046608,0.013213,,,7,0.02610048,0.02423616,0.02143968,0.01910928,0.0163128,0.01305024,0.00978768,0.00885552,,B7,0.00978768,0.029991
2025-09-08,0.033869,0.035721,0.032727,0.033596,high,False,,,,,,,,0.046608,0.013213,,,7,0.02610048,0.02423616,0.02143968,0.01910928,0.0163128,0.01305024,0.00978768,0.00885552,,B7,0.00978768,0.032727
2025-09-09,0.033597,0.035732,0.033309,0.034773,high,False,,,,,,,,0.046608,0.013213,,,7,0.02610048,0.02423616,0.02143968,0.01910928,0.0163128,0.01305024,0.00978768,0.00885552,,B7,0.00978768,0.033309
2025-09-10,0.034773,0.035002,0.033076,0.034846,high,False,,,,,,,,0.046608,0.013213,,,7,0.02610048,0.02423616,0.02143968,0.01910928,0.0163128,0.01305024,0.00978768,0.00885552,,B7,0.00978768,0.033076
2025-09-11,0.034846,0.038174,0.034732,0.036405,high,False,,,,,,,,0.046608,0.013213,,,7,0.02610048,0.02423616,0.02143968,0.01910928,0.0163128,0.01305024,0.00978768,0.00885552,,B7,0.00978768,0.034732
2025-09-12,0.036405,0.037916,0.036035,0.03649,high,False,,,,,,,,0.046608,0.013213,,,7,0.02610048,0.02423616,0.02143968,0.01910928,0.0163128,0.01305024,0.00978768,0.00885552,,B7,0.00978768,0.036035
2025-09-13,0.03649,0.036643,0.034,0.03471,high,False,,,,,,,,0.046608,0.013213,,,7,0.02610048,0.02423616,0.02143968,0.01910928,0.0163128,0.01305024,0.00978768,0.00885552,,B7,0.00978768,0.034
2025-09-14,0.03471,0.035287,0.032329,0.033148,high,False,,,,,,,,0.046608,0.013213,,,7,0.02610048,0.02423616,0.02143968,0.01910928,0.0163128,0.01305024,0.00978768,0.00885552,,B7,0.00978768,0.032329
2025-09-15,0.033146,0.034644,0.032132,0.033974,high,False,,,,,,,,0.046608,0.013213,,,7,0.02610048,0.02423616,0.02143968,0.01910928,0.0163128,0.01305024,0.00978768,0.00885552,,B7,0.00978768,0.032132
2025-09-16,0.033975,0.036191,0.032903,0.035959,high,False,,,,,,,,0.046608,0.013213,,,7,0.02610048,0.02423616,0.02143968,0.01910928,0.0163128,0.01305024,0.00978768,0.00885552,,B7,0.00978768,0.032903
2025-09-17,0.035961,0.039701,0.035769,0.038047,high,False,,,,,,,,0.046608,0.013213,,,7,0.02610048,0.02423616,0.02143968,0.01910928,0.0163128,0.01305024,0.00978768,0.00885552,,B7,0.00978768,0.035769
2025-09-18,0.038048,0.038733,0.035288,0.035626,high,False,,,,,,,,0.046608,0.013213,,,7,0.02610048,0.02423616,0.02143968,0.01910928,0.0163128,0.01305024,0.00978768,0.00885552,,B7,0.00978768,0.035288
2025-09-19,0.035626,0.035801,0.034157,0.035289,high,False,,,,,,,,0.046608,0.013213,,,7,0.02610048,0.02423616,0.02143968,0.01910928,0.0163128,0.01305024,0.00978768,0.00885552,,B7,0.00978768,0.034157
2025-09-20,0.035288,0.035439,0.033712,0.033897,high,False,,,,,,,,0.046608,0.013213,,,7,0.02610048,0.02423616,0.02143968,0.01910928,0.0163128,0.01305024,0.00978768,0.00885552,,B7,0.00978768,0.033712
2025-09-21,0.033897,0.034134,0.029194,0.030874,high,False,,,,,,,,0.046608,0.013213,,,7,0.02610048,0.02423616,0.02143968,0.01910928,0.0163128,0.01305024,0.00978768,0.00885552,,B7,0.00978768,0.029194
2025-09-22,0.030873,0.030881,0.029008,0.029353,high,False,,,,,,,,0.046608,0.013213,,,7,0.02610048,0.02423616,0.02143968,0.01910928,0.0163128,0.01305024,0.00978768,0.00885552,,B7,0.00978768,0.029008
2025-09-23,0.029353,0.030853,0.028352,0.029914,high,False,,,,,,,,0.046608,0.013213,,,7,0.02610048,0.02423616,0.02143968,0.01910928,0.0163128,0.01305024,0.00978768,0.00885552,,B7,0.00978768,0.028352
2025-09-24,0.029915,0.03001,0.02634,0.026771,high,False,,,,,,,,0.046608,0.013213,,,7,0.02610048,0.02423616,0.02143968,0.01910928,0.0163128,0.01305024,0.00978768,0.00885552,,B7,0.00978768,0.02634
2025-09-25,0.026771,0.028868,0.026253,0.028562,high,False,,,,,,,,0.046608,0.013213,,,7,0.02610048,0.02423616,0.02143968,0.01910928,0.0163128,0.01305024,0.00978768,0.00885552,,B7,0.00978768,0.026253
2025-09-26,0.028562,0.029067,0.027779,0.027898,high,False,,,,,,,,0.046608,0.013213,,,7,0.02610048,0.02423616,0.02143968,0.01910928,0.0163128,0.01305024,0.00978768,0.00885552,,B7,0.00978768,0.027779
2025-09-27,0.027898,0.029166,0.026996,0.029051,high,False,,,,,,,,0.046608,0.013213,,,7,0.02610048,0.02423616,0.02143968,0.01910928,0.0163128,0.01305024,0.00978768,0.00885552,,B7,0.00978768,0.026996
2025-09-28,0.02905,0.029212,0.027367,0.028139,high,False,,,,,,,,0.046608,0.013213,,,7,0.02610048,0.02423616,0.02143968,0.01910928,0.0163128,0.01305024,0.00978768,0.00885552,,B7,0.00978768,0.027367
2025-09-29,0.028138,0.028225,0.026576,0.027908,high,False,,,,,,,,0.046608,0.013213,,,7,0.02610048,0.02423616,0.02143968,0.01910928,0.0163128,0.01305024,0.00978768,0.00885552,,B7,0.00978768,0.026576
2025-09-30,0.027908,0.032025,0.027595,0.031467,high,False,,,,,,,,0.046608,0.013213,,,7,0.02610048,0.02423616,0.02143968,0.01910928,0.0163128,0.01305024,0.00978768,0.00885552,,B7,0.00978768,0.027595
2025-10-01,0.031467,0.032185,0.030224,0.031835,high,False,,,,,,,,0.046608,0.013213,,,7,0.02610048,0.02423616,0.02143968,0.01910928,0.0163128,0.01305024,0.00978768,0.00885552,,B7,0.00978768,0.030224
2025-10-02,0.031834,0.032572,0.03,0.031913,high,False,,,,,,,,0.046608,0.013213,,,7,0.02610048,0.02423616,0.02143968,0.01910928,0.0163128,0.01305024,0.00978768,0.00885552,,B7,0.00978768,0.03
2025-10-03,0.031913,0.032055,0.029321,0.030282,high,False,,,,,,,,0.046608,0.013213,,,7,0.02610048,0.02423616,0.02143968,0.01910928,0.0163128,0.01305024,0.00978768,0.00885552,,B7,0.00978768,0.029321
2025-10-04,0.030284,0.03404,0.030043,0.031511,high,False,,,,,,,,0.046608,0.013213,,,7,0.02610048,0.02423616,0.02143968,0.01910928,0.0163128,0.01305024,0.00978768,0.00885552,,B7,0.00978768,0.030043
2025-10-05,0.031511,0.033642,0.030588,0.032769,high,False,,,,,,,,0.046608,0.013213,,,7,0.02610048,0.02423616,0.02143968,0.01910928,0.0163128,0.01305024,0.00978768,0.00885552,,B7,0.00978768,0.030588
2025-10-06,0.032769,0.03404,0.030312,0.030402,high,False,,,,,,,,0.046608,0.013213,,,7,0.02610048,0.02423616,0.02143968,0.01910928,0.0163128,0.01305024,0.00978768,0.00885552,,B7,0.00978768,0.030312
2025-10-07,0.030402,0.033234,0.029864,0.032491,high,False,,,,,,,,0.046608,0.013213,,,7,0.02610048,0.02423616,0.02143968,0.01910928,0.0163128,0.01305024,0.00978768,0.00885552,,B7,0.00978768,0.029864
2025-10-08,0.032492,0.032763,0.030148,0.030148,high,False,,,,,,,,0.046608,0.013213,,,7,0.02610048,0.02423616,0.02143968,0.01910928,0.0163128,0.01305024,0.00978768,0.00885552,,B7,0.00978768,0.030148
2025-10-09,0.030149,0.031707,0.023754,0.023754,wait,True,1,BUY B1,LOW,B1,0.02610048,0.023754,0.02610048,0.046608,0.023754,,,7,0.02610048,0.02423616,0.02143968,0.01910928,0.0163128,0.01305024,0.00978768,0.00885552,,B1,0.02610048,0.023754
2025-10-09,0.030149,0.031707,0.023754,0.023754,wait,True,2,ADD B2,LOW,B2,0.02423616,0.023754,0.02423616,0.046608,0.023754,,,7,0.02610048,0.02423616,0.02143968,0.01910928,0.0163128,0.01305024,0.00978768,0.00885552,,B2,0.02423616,0.023754
2025-10-09,0.030149,0.031707,0.023754,0.023754,wait,False,,SELL S,HIGH,,,0.02786344,0.02786344,0.046608,0.023754,,17.3,7,0.02610048,0.02423616,0.02143968,0.01910928,0.0163128,0.01305024,0.00978768,0.00885552,0.027863442,,,
2025-10-09,0.030149,0.031707,0.023754,0.023754,wait,False,,,,,,,,0.046608,0.023754,33.480677,17.3,7,0.02610048,0.02423616,0.02143968,0.01910928,0.0163128,0.01305024,0.00978768,0.00885552,0.027863442,B1,0.02610048,0.023754
2025-10-10,0.023753,0.025189,0.020772,0.02172,wait,True,2,BUY B2,LOW,B2,0.02423616,0.020772,0.02423616,0.046608,0.020772,,,7,0.02610048,0.02423616,0.02143968,0.01910928,0.0163128,0.01305024,0.00978768,0.00885552,0.027863442,B2,0.02423616,0.020772
2025-10-10,0.023753,0.025189,0.020772,0.02172,wait,True,3,ADD B3,LOW,B3,0.02143968,0.020772,0.02143968,0.046608,0.020772,,,7,0.02610048,0.02423616,0.02143968,0.01910928,0.0163128,0.01305024,0.00978768,0.00885552,0.027863442,B3,0.02143968,0.020772
2025-10-10,0.023753,0.025189,0.020772,0.02172,wait,True,3,,,,,,,0.046608,0.020772,21.264202,24.4,7,0.02610048,0.02423616,0.02143968,0.01910928,0.0163128,0.01305024,0.00978768,0.00885552,0.027863442,B2,0.02423616,0.020772
2025-10-11,0.021721,0.02665,0.021149,0.025692,wait,False,,SELL S,HIGH,,,0.02584037,0.02584037,0.046608,0.020772,,24.4,6,0.02610048,0.02423616,0.02143968,0.01910928,0.0163128,0.01305024,0.00978768,0.00885552,0.025840368,,,
2025-10-11,0.021721,0.02665,0.021149,0.025692,wait,False,,,,,,,,0.046608,0.020772,28.297708,24.4,6,0.02610048,0.02423616,0.02143968,0.01910928,0.0163128,0.01305024,0.00978768,0.00885552,0.025840368,B2,0.02423616,0.021149
2025-10-12,0.025694,0.026934,0.02444,0.026379,wait,False,,,,,,,,0.046608,0.020772,,,6,0.02610048,0.02423616,0.02143968,0.01910928,0.0163128,0.01305024,0.00978768,0.00885552,0.025840368,B7,0.00978768,0.02444
2025-10-13,0.026379,0.026624,0.023389,0.024556,wait,True,2,BUY B2,LOW,B2,0.02423616,0.023389,0.02423616,0.046608,0.020772,,,6,0.02610048,0.02423616,0.02143968,0.01910928,0.0163128,0.01305024,0.00978768,0.00885552,0.025840368,B2,0.02423616,0.023389
2025-10-13,0.026379,0.026624,0.023389,0.024556,wait,False,,SELL S,HIGH,,,0.02436556,0.02436556,0.046608,0.020772,,17.3,6,0.02610048,0.02423616,0.02143968,0.01910928,0.0163128,0.01305024,0.00978768,0.00885552,0.024365556,,,
2025-10-13,0.026379,0.026624,0.023389,0.024556,wait,False,,,,,,,,0.046608,0.020772,28.17254,17.3,6,0.02610048,0.02423616,0.02143968,0.01910928,0.0163128,0.01305024,0.00978768,0.00885552,0.024365556,B2,0.02423616,0.023389
2025-10-14,0.024552,0.025247,0.02292,0.023207,wait,True,2,BUY B2,LOW,B2,0.02423616,0.02292,0.02423616,0.046608,0.020772,,,6,0.02610048,0.02423616,0.02143968,0.01910928,0.0163128,0.01305024,0.00978768,0.00885552,0.024365556,B2,0.02423616,0.02292
2025-10-14,0.024552,0.025247,0.02292,0.023207,wait,False,,SELL S,HIGH,,,0.02436556,0.02436556,0.046608,0.020772,,17.3,6,0.02610048,0.02423616,0.02143968,0.01910928,0.0163128,0.01305024,0.00978768,0.00885552,0.024365556,,,
2025-10-14,0.024552,0.025247,0.02292,0.023207,wait,False,,,,,,,,0.046608,0.020772,21.543424,17.3,6,0.02610048,0.02423616,0.02143968,0.01910928,0.0163128,0.01305024,0.00978768,0.00885552,0.024365556,B2,0.02423616,0.02292
2025-10-15,0.023207,0.023856,0.021575,0.02208,wait,False,,,,,,,,0.046608,0.020772,,,6,0.02610048,0.02423616,0.02143968,0.01910928,0.0163128,0.01305024,0.00978768,0.00885552,0.024365556,B7,0.00978768,0.021575
2025-10-16,0.022081,0.02237,0.019853,0.021182,wait,True,3,BUY B3,LOW,B3,0.02143968,0.019853,0.02143968,0.046608,0.019853,,,6,0.02610048,0.02423616,0.02143968,0.01910928,0.0163128,0.01305024,0.00978768,0.00885552,0.024365556,B3,0.02143968,0.019853
2025-10-16,0.022081,0.02237,0.019853,0.021182,wait,True,3,,,,,,,0.046608,0.019853,12.678185,24.4,6,0.02610048,0.02423616,0.02143968,0.01910928,0.0163128,0.01305024,0.00978768,0.00885552,0.024365556,B3,0.02143968,0.019853
2025-10-17,0.021182,0.021738,0.020971,0.021468,wait,True,3,,,,,,,0.046608,0.019853,9.494787,24.4,6,0.02610048,0.02423616,0.02143968,0.01910928,0.0163128,0.01305024,0.00978768,0.00885552,0.024365556,B3,0.02143968,0.020971
2025-10-18,0.021467,0.022813,0.020976,0.022251,wait,True,3,,,,,,,0.046608,0.019853,14.909585,24.4,6,0.02610048,0.02423616,0.02143968,0.01910928,0.0163128,0.01305024,0.00978768,0.00885552,0.024365556,B3,0.02143968,0.020976
2025-10-19,0.022249,0.023227,0.021645,0.02241,wait,True,3,,,,,,,0.046608,0.019853,16.994913,24.4,6,0.02610048,0.02423616,0.02143968,0.01910928,0.0163128,0.01305024,0.00978768,0.00885552,0.024365556,B7,0.00978768,0.021645
2025-10-20,0.022409,0.023507,0.021239,0.021285,wait,True,3,,,,,,,0.046608,0.019853,18.405279,24.4,6,0.02610048,0.02423616,0.02143968,0.01910928,0.0163128,0.01305024,0.00978768,0.00885552,0.024365556,B3,0.02143968,0.021239
2025-10-21,0.021288,0.021467,0.01938,0.019942,wait,True,3,,,,,,,0.046608,0.01938,10.768834,24.4,6,0.02610048,0.02423616,0.02143968,0.01910928,0.0163128,0.01305024,0.00978768,0.00885552,0.024365556,B3,0.02143968,0.01938
2025-10-22,0.019943,0.020991,0.019658,0.020478,wait,True,3,,,,,,,0.046608,0.01938,8.312693,24.4,6,0.02610048,0.02423616,0.02143968,0.01910928,0.0163128,0.01305024,0.00978768,0.00885552,0.024365556,B7,0.00978768,0.019658
2025-10-23,0.020479,0.021484,0.020241,0.021165,wait,True,3,,,,,,,0.046608,0.01938,10.856553,24.4,6,0.02610048,0.02423616,0.02143968,0.01910928,0.0163128,0.01305024,0.00978768,0.00885552,0.024365556,B3,0.02143968,0.020241
2025-10-24,0.021164,0.021811,0.020754,0.021373,wait,True,3,,,,,,,0.046608,0.01938,12.54386,24.4,6,0.02610048,0.02423616,0.02143968,0.01910928,0.0163128,0.01305024,0.00978768,0.00885552,0.024365556,B3,0.02143968,0.020754
2025-10-25,0.021372,0.022352,0.020672,0.021918,wait,True,3,,,,,,,0.046608,0.01938,15.335397,24.4,6,0.02610048,0.02423616,0.02143968,0.01910928,0.0163128,0.01305024,0.00978768,0.00885552,0.024365556,B3,0.02143968,0.020672
