date,open,high,low,close,mode,position,stage,event,basis,level_name,level_price,trigger_price,fill_price,H,L_now,rebound_from_L_pct,threshold_pct,forbidden_levels_above_last_sell
2023-05-03,0.1,2.0,0.1,1.4016,wait,False,,SELL S1,HIGH,B1,1.12,2.0,2.0,2.0,,,7.7,7
2023-05-04,1.4016,1.499,1.2961,1.3303,wait,False,,,,,,,,2.0,,,,7
2023-05-05,1.3303,1.38,1.26,1.3064,wait,False,,,,,,,,2.0,,,,7
2023-05-06,1.3067,1.3752,1.27,1.3297,wait,False,,,,,,,,2.0,,,,7
2023-05-07,1.3299,1.3469,1.22,1.2431,wait,False,,,,,,,,2.0,,,,7
2023-05-08,1.243,1.2439,1.0222,1.1374,wait,False,,SELL S1,HIGH,B1,1.12,1.2439,1.2439,2.0,,,7.7,7
2023-05-09,1.1377,1.2158,1.0932,1.1842,wait,False,,SELL S1,HIGH,B1,1.12,1.2158,1.2158,2.0,,,7.7,7
2023-05-10,1.1842,1.2448,1.0988,1.1787,wait,False,,SELL S1,HIGH,B1,1.12,1.2448,1.2448,2.0,,,7.7,7
2023-05-11,1.1788,1.1819,1.0336,1.0736,wait,False,,SELL S1,HIGH,B1,1.12,1.1819,1.1819,2.0,,,7.7,7
2023-05-12,1.0737,1.1229,1.013,1.1152,wait,False,,SELL S1,HIGH,B1,1.12,1.1229,1.1229,2.0,,,7.7,7
2023-05-13,1.115,1.14,1.0855,1.0994,wait,True,1,BUY B1,LOW,B1,1.12,1.0855,1.12,2.0,1.0855,5.020728,7.7,7
2023-05-14,1.0993,1.2049,1.0677,1.1591,wait,False,,SELL S1,HIGH,,,1.2049,1.2049,2.0,,,7.7,7
2023-05-15,1.1589,1.2548,1.1241,1.193,wait,False,,,,,,,,2.0,,,,7
2023-05-16,1.1934,1.2071,1.1405,1.1651,wait,False,,,,,,,,2.0,,,,7
2023-05-17,1.1654,1.2155,1.1115,1.2131,wait,False,,SELL S1,HIGH,B1,1.12,1.2155,1.2155,2.0,,,7.7,7
2023-05-18,1.2131,1.2245,1.1266,1.1415,wait,False,,,,,,,,2.0,,,,7
2023-05-19,1.1413,1.1494,1.1153,1.1304,wait,True,1,BUY B1,LOW,B1,1.12,1.1153,1.12,2.0,1.1153,3.057473,7.7,7
2023-05-20,1.1304,1.1343,1.108,1.124,wait,True,1,,,,,,,2.0,1.108,2.373646,7.7,7
2023-05-21,1.1241,1.153,1.051,1.073,wait,False,,SELL S1,HIGH,,,1.153,1.153,2.0,,,7.7,7
2023-05-22,1.0729,1.0781,1.0337,1.0502,wait,True,1,BUY B1,LOW,B1,1.12,1.0337,1.12,2.0,1.0337,4.29525,7.7,7
2023-05-23,1.0502,1.098,1.0228,1.0533,wait,True,1,,,,,,,2.0,1.0228,7.352366,7.7,7
2023-05-24,1.0532,1.0532,0.9413,0.9784,wait,False,,SELL S1,HIGH,,,1.0532,1.0532,2.0,,,7.7,6
2023-05-25,0.9784,1.0103,0.9366,0.982,wait,True,2,BUY B2,LOW,B2,1.04,0.9366,1.04,2.0,0.9366,7.868887,17.3,6
2023-05-26,0.9821,1.01,0.9627,0.9911,wait,True,2,,,,,,,2.0,0.9366,7.836857,17.3,6
2023-05-27,0.9911,1.0176,0.9827,0.998,wait,True,2,,,,,,,2.0,0.9366,8.648302,17.3,6
2023-05-28,0.998,1.0729,0.9926,1.0617,wait,True,2,,,,,,,2.0,0.9366,14.552637,17.3,6
2023-05-29,1.0619,1.1,1.0225,1.0392,wait,False,,SELL S2,HIGH,,,1.1,1.1,2.0,,,17.3,6
2023-05-30,1.0391,1.0619,0.9893,1.0011,wait,True,2,BUY B2,LOW,B2,1.04,0.9893,1.04,2.0,0.9893,7.338522,17.3,6
2023-05-31,1.001,1.0097,0.9429,0.9743,wait,True,2,,,,,,,2.0,0.9429,7.084526,17.3,6
2023-06-01,0.9746,0.9794,0.94,0.9461,wait,True,2,,,,,,,2.0,0.94,4.191489,17.3,6
2023-06-02,0.946,0.963,0.905,0.9414,wait,True,2,,,,,,,2.0,0.905,6.40884,17.3,6
2023-06-03,0.9414,0.9568,0.9068,0.9333,wait,True,2,,,,,,,2.0,0.905,5.723757,17.3,6
2023-06-04,0.9332,0.9785,0.9266,0.9602,wait,True,2,,,,,,,2.0,0.905,8.121547,17.3,6
2023-06-05,0.9604,0.9715,0.75,0.8169,wait,False,,SELL S2,HIGH,,,0.9715,0.9715,2.0,,,17.3,5
2023-06-06,0.8171,0.8496,0.7553,0.8314,wait,True,3,BUY B3,LOW,B3,0.92,0.7553,0.92,2.0,0.7553,12.485105,24.4,5
2023-06-07,0.8314,0.8314,0.7433,0.7572,wait,True,3,,,,,,,2.0,0.7433,11.852549,24.4,5
2023-06-08,0.7572,0.7937,0.715,0.7287,wait,True,3,,,,,,,2.0,0.715,11.006993,24.4,5
2023-06-09,0.7287,0.7627,0.7102,0.7382,wait,True,3,,,,,,,2.0,0.7102,7.392284,24.4,5
2023-06-10,0.7382,0.7417,0.51,0.6095,wait,False,,SELL S3,HIGH,,,0.7417,0.7417,2.0,,,24.4,3
2023-06-11,0.6095,0.6242,0.5865,0.6055,wait,True,5,BUY B5,LOW,B5,0.7,0.5865,0.7,2.0,0.5865,6.427962,52.7,3
2023-06-12,0.6054,0.6876,0.5693,0.6633,wait,True,5,,,,,,,2.0,0.5693,20.779905,52.7,3
2023-06-13,0.6633,0.7294,0.6618,0.6983,wait,True,5,,,,,,,2.0,0.5693,28.122255,52.7,3
2023-06-14,0.6982,0.7131,0.6273,0.6506,wait,True,5,,,,,,,2.0,0.5693,25.25909,52.7,3
2023-06-15,0.6505,0.6592,0.6201,0.649,wait,True,5,,,,,,,2.0,0.5693,15.791323,52.7,3
2023-06-16,0.6489,0.7217,0.6227,0.7072,wait,True,5,,,,,,,2.0,0.5693,26.769717,52.7,3
2023-06-17,0.7072,0.785,0.7043,0.7541,wait,True,5,,,,,,,2.0,0.5693,37.888635,52.7,3
2023-06-18,0.7539,0.7961,0.7096,0.7207,wait,True,5,,,,,,,2.0,0.5693,39.838398,52.7,3
2023-06-19,0.7206,0.7926,0.7093,0.7851,wait,True,5,,,,,,,2.0,0.5693,39.223608,52.7,3
2023-06-20,0.7851,0.8278,0.7485,0.8189,wait,True,5,,,,,,,2.0,0.5693,45.40664,52.7,3
2023-06-21,0.819,0.8506,0.7686,0.8312,wait,True,5,,,,,,,2.0,0.5693,49.411558,52.7,3
2023-06-22,0.8312,0.8899,0.7901,0.803,wait,False,,SELL S5,HIGH,,,0.8899,0.8899,2.0,,,52.7,4
2023-06-23,0.803,0.8361,0.7781,0.7984,wait,True,4,BUY B4,LOW,B4,0.82,0.7781,0.82,2.0,0.7781,7.454055,37.4,4
2023-06-24,0.7983,0.7984,0.7232,0.7528,wait,True,4,,,,,,,2.0,0.7232,10.39823,37.4,4
2023-06-25,0.7529,0.7805,0.74,0.7451,wait,True,4,,,,,,,2.0,0.7232,7.923119,37.4,4
2023-06-26,0.7451,0.7605,0.7114,0.7265,wait,True,4,,,,,,,2.0,0.7114,6.901884,37.4,4
2023-06-27,0.7264,0.7575,0.7022,0.7203,wait,True,4,,,,,,,2.0,0.7022,7.875249,37.4,4
2023-06-28,0.7203,0.7208,0.6366,0.6631,wait,True,4,,,,,,,2.0,0.6366,13.226516,37.4,4
2023-06-29,0.6634,0.715,0.6603,0.6807,wait,True,4,,,,,,,2.0,0.6366,12.315426,37.4,4
2023-06-30,0.6808,0.7118,0.628,0.6891,wait,True,4,,,,,,,2.0,0.628,13.343949,37.4,4
2023-07-01,0.6888,0.691,0.6672,0.6893,wait,True,4,,,,,,,2.0,0.628,10.031847,37.4,4
2023-07-02,0.6895,0.6943,0.659,0.6907,wait,True,4,,,,,,,2.0,0.628,10.557325,37.4,4
2023-07-03,0.6907,0.7168,0.6854,0.7,wait,True,4,,,,,,,2.0,0.628,14.140127,37.4,4
2023-07-04,0.6998,0.7389,0.6788,0.6855,wait,True,4,,,,,,,2.0,0.628,17.659236,37.4,4
2023-07-05,0.6855,0.6917,0.645,0.6624,wait,True,4,,,,,,,2.0,0.628,10.143312,37.4,4
2023-07-06,0.6624,0.6821,0.6344,0.6495,wait,True,4,,,,,,,2.0,0.628,8.61465,37.4,4
2023-07-07,0.649,0.6667,0.6396,0.6613,wait,True,4,,,,,,,2.0,0.628,6.16242,37.4,4
2023-07-08,0.6615,0.6689,0.6412,0.6527,wait,True,4,,,,,,,2.0,0.628,6.512739,37.4,4
2023-07-09,0.6528,0.6667,0.65,0.6591,wait,True,4,,,,,,,2.0,0.628,6.16242,37.4,4
2023-07-10,0.6591,0.6668,0.6271,0.6551,wait,True,4,,,,,,,2.0,0.6271,6.330729,37.4,4
2023-07-11,0.6552,0.67,0.6427,0.6556,wait,True,4,,,,,,,2.0,0.6271,6.841014,37.4,4
2023-07-12,0.6556,0.6876,0.645,0.6556,wait,True,4,,,,,,,2.0,0.6271,9.647584,37.4,4
2023-07-13,0.6557,0.7164,0.6482,0.6978,wait,True,4,,,,,,,2.0,0.6271,14.240153,37.4,4
2023-07-14,0.6978,0.7634,0.658,0.6804,wait,True,4,,,,,,,2.0,0.6271,21.73497,37.4,4
2023-07-15,0.6801,0.6987,0.6671,0.6829,wait,True,4,,,,,,,2.0,0.6271,11.417637,37.4,4
2023-07-16,0.683,0.6942,0.6616,0.6726,wait,True,4,,,,,,,2.0,0.6271,10.700048,37.4,4
2023-07-17,0.6723,0.7322,0.665,0.7197,wait,True,4,,,,,,,2.0,0.6271,16.759687,37.4,4
2023-07-18,0.7197,0.785,0.7055,0.7361,wait,True,4,,,,,,,2.0,0.6271,25.179397,37.4,4
2023-07-19,0.7364,0.776,0.7024,0.71,wait,True,4,,,,,,,2.0,0.6271,23.744219,37.4,4
2023-07-20,0.7098,0.7282,0.6804,0.6885,wait,True,4,,,,,,,2.0,0.6271,16.121831,37.4,4
2023-07-21,0.6885,0.696,0.6712,0.6835,wait,True,4,,,,,,,2.0,0.6271,10.987083,37.4,4
2023-07-22,0.6836,0.705,0.6817,0.6936,wait,True,4,,,,,,,2.0,0.6271,12.422261,37.4,4
2023-07-23,0.6936,0.7039,0.6732,0.6787,wait,True,4,,,,,,,2.0,0.6271,12.246851,37.4,4
2023-07-24,0.6788,0.6806,0.609,0.6366,wait,True,4,,,,,,,2.0,0.609,11.756979,37.4,4
2023-07-25,0.6367,0.652,0.6248,0.6367,wait,True,4,,,,,,,2.0,0.609,7.060755,37.4,4
2023-07-26,0.6367,0.6434,0.6158,0.6346,wait,True,4,,,,,,,2.0,0.609,5.648604,37.4,4
2023-07-27,0.6344,0.6502,0.624,0.6306,wait,True,4,,,,,,,2.0,0.609,6.765189,37.4,4
2023-07-28,0.6307,0.6434,0.625,0.6296,wait,True,4,,,,,,,2.0,0.609,5.648604,37.4,4
2023-07-29,0.6297,0.6408,0.6255,0.6385,wait,True,4,,,,,,,2.0,0.609,5.221675,37.4,4
2023-07-30,0.6385,0.6397,0.6,0.6202,wait,True,4,,,,,,,2.0,0.6,6.616667,37.4,4
2023-07-31,0.6203,0.6342,0.6131,0.632,wait,True,4,,,,,,,2.0,0.6,5.7,37.4,4
2023-08-01,0.632,0.6474,0.6088,0.6467,wait,True,4,,,,,,,2.0,0.6,7.9,37.4,4
2023-08-02,0.6467,0.65,0.6081,0.614,wait,True,4,,,,,,,2.0,0.6,8.333333,37.4,4
2023-08-03,0.614,0.6197,0.5852,0.5929,wait,True,4,,,,,,,2.0,0.5852,5.89542,37.4,4
2023-08-04,0.5929,0.6014,0.5795,0.5923,wait,True,4,,,,,,,2.0,0.5795,3.77912,37.4,4
2023-08-05,0.5924,0.5937,0.5811,0.5923,wait,True,4,,,,,,,2.0,0.5795,2.450388,37.4,4
2023-08-06,0.5924,0.6096,0.59,0.5921,wait,True,4,,,,,,,2.0,0.5795,5.194133,37.4,4
2023-08-07,0.5922,0.5997,0.5598,0.5831,wait,True,4,,,,,,,2.0,0.5598,7.127546,37.4,4
2023-08-08,0.5833,0.6031,0.5755,0.594,wait,True,4,,,,,,,2.0,0.5598,7.734905,37.4,4
2023-08-09,0.5947,0.6269,0.588,0.5951,wait,True,4,,,,,,,2.0,0.5598,11.986424,37.4,4
2023-08-10,0.5951,0.6057,0.5876,0.6053,wait,True,4,,,,,,,2.0,0.5598,8.199357,37.4,4
2023-08-11,0.6051,0.6184,0.5963,0.6049,wait,True,4,,,,,,,2.0,0.5598,10.468024,37.4,4
2023-08-12,0.6049,0.614,0.6023,0.6074,wait,True,4,,,,,,,2.0,0.5598,9.682029,37.4,4
2023-08-13,0.6076,0.6135,0.5943,0.5983,wait,True,4,,,,,,,2.0,0.5598,9.592712,37.4,4
2023-08-14,0.5983,0.604,0.5872,0.5993,wait,True,4,,,,,,,2.0,0.5598,7.895677,37.4,4
2023-08-15,0.5993,0.6027,0.5229,0.5606,wait,True,4,,,,,,,2.0,0.5229,15.261044,37.4,4
2023-08-16,0.5607,0.5785,0.5104,0.5271,wait,True,4,,,,,,,2.0,0.5104,13.342476,37.4,4
2023-08-17,0.5274,0.5366,0.45,0.475,wait,True,4,,,,,,,2.0,0.45,19.244444,37.4,4
2023-08-18,0.4752,0.49,0.4651,0.484,wait,True,4,,,,,,,2.0,0.45,8.888889,37.4,4
2023-08-19,0.4841,0.565,0.4826,0.5598,wait,True,4,,,,,,,2.0,0.45,25.555556,37.4,4
2023-08-20,0.5597,0.5752,0.5366,0.5437,wait,True,4,,,,,,,2.0,0.45,27.822222,37.4,4
2023-08-21,0.5437,0.5482,0.4994,0.5142,wait,True,4,,,,,,,2.0,0.45,21.822222,37.4,4
2023-08-22,0.5143,0.5588,0.5043,0.5359,wait,True,4,,,,,,,2.0,0.45,24.177778,37.4,4
2023-08-23,0.5361,0.6258,0.5353,0.6019,wait,False,,SELL S4,HIGH,,,0.6258,0.6258,2.0,,,37.4,2
2023-08-24,0.6018,0.6207,0.556,0.5727,wait,True,6,BUY B6,LOW,B6,0.56,0.556,0.56,2.0,0.556,11.636691,79.9,2
2023-08-25,0.5728,0.5728,0.5335,0.5569,wait,True,6,,,,,,,2.0,0.5335,7.366448,79.9,2
2023-08-26,0.5567,0.604,0.5471,0.5879,wait,True,6,,,,,,,2.0,0.5335,13.21462,79.9,2
2023-08-27,0.5879,0.5963,0.5731,0.5838,wait,True,6,,,,,,,2.0,0.5335,11.771321,79.9,2
2023-08-28,0.5835,0.5837,0.5352,0.5477,wait,True,6,,,,,,,2.0,0.5335,9.40956,79.9,2
2023-08-29,0.5475,0.5519,0.5073,0.5454,wait,True,6,,,,,,,2.0,0.5073,8.791642,79.9,2
2023-08-30,0.5453,0.5465,0.515,0.5255,wait,True,6,,,,,,,2.0,0.5073,7.727183,79.9,2
2023-08-31,0.5253,0.5253,0.4821,0.5005,wait,True,6,,,,,,,2.0,0.4821,8.960797,79.9,2
2023-09-01,0.5004,0.5161,0.4805,0.4889,wait,True,6,,,,,,,2.0,0.4805,7.408949,79.9,2
2023-09-02,0.4889,0.5039,0.4824,0.4909,wait,True,6,,,,,,,2.0,0.4805,4.869927,79.9,2
2023-09-03,0.4909,0.5029,0.4724,0.484,wait,True,6,,,,,,,2.0,0.4724,6.456393,79.9,2
2023-09-04,0.4841,0.4963,0.4721,0.4831,wait,True,6,,,,,,,2.0,0.4721,5.126033,79.9,2
2023-09-05,0.4833,0.493,0.467,0.4907,wait,True,6,,,,,,,2.0,0.467,5.567452,79.9,2
2023-09-06,0.4907,0.4992,0.4739,0.4817,wait,True,6,,,,,,,2.0,0.467,6.895075,79.9,2
2023-09-07,0.4816,0.4874,0.4757,0.4858,wait,True,6,,,,,,,2.0,0.467,4.368308,79.9,2
2023-09-08,0.4858,0.4934,0.4732,0.4814,wait,True,6,,,,,,,2.0,0.467,5.653105,79.9,2
2023-09-09,0.4814,0.4859,0.4776,0.4814,wait,True,6,,,,,,,2.0,0.467,4.047109,79.9,2
2023-09-10,0.4814,0.4817,0.4441,0.4553,wait,True,6,,,,,,,2.0,0.4441,8.466562,79.9,2
2023-09-11,0.4551,0.456,0.4185,0.4267,wait,True,6,,,,,,,2.0,0.4185,8.960573,79.9,2
2023-09-12,0.4264,0.458,0.423,0.4278,wait,True,6,,,,,,,2.0,0.4185,9.438471,79.9,2
2023-09-13,0.4278,0.4448,0.4187,0.4426,wait,True,6,,,,,,,2.0,0.4185,6.284349,79.9,2
2023-09-14,0.4426,0.4516,0.4356,0.4449,wait,True,6,,,,,,,2.0,0.4185,7.9092,79.9,2
2023-09-15,0.4452,0.4485,0.4317,0.4464,wait,True,6,,,,,,,2.0,0.4185,7.168459,79.9,2
2023-09-16,0.4463,0.4671,0.4455,0.4667,wait,True,6,,,,,,,2.0,0.4185,11.612903,79.9,2
2023-09-17,0.4667,0.4667,0.425,0.4345,wait,True,6,,,,,,,2.0,0.4185,11.517324,79.9,2
2023-09-18,0.4346,0.4533,0.4259,0.448,wait,True,6,,,,,,,2.0,0.4185,8.315412,79.9,2
2023-09-19,0.4479,0.4568,0.4467,0.4542,wait,True,6,,,,,,,2.0,0.4185,9.151732,79.9,2
2023-09-20,0.4543,0.4552,0.4368,0.4466,wait,True,6,,,,,,,2.0,0.4185,8.769415,79.9,2
2023-09-21,0.4465,0.4582,0.4332,0.4402,wait,True,6,,,,,,,2.0,0.4185,9.48626,79.9,2
2023-09-22,0.44,0.4458,0.4332,0.445,wait,True,6,,,,,,,2.0,0.4185,6.523297,79.9,2
2023-09-23,0.445,0.4511,0.4397,0.4461,wait,True,6,,,,,,,2.0,0.4185,7.789725,79.9,2
2023-09-24,0.4459,0.4647,0.4354,0.439,wait,True,6,,,,,,,2.0,0.4185,11.039427,79.9,2
2023-09-25,0.4387,0.4494,0.4323,0.4428,wait,True,6,,,,,,,2.0,0.4185,7.383513,79.9,2
2023-09-26,0.4429,0.4453,0.4339,0.4386,wait,True,6,,,,,,,2.0,0.4185,6.403823,79.9,2
2023-09-27,0.4384,0.4441,0.4273,0.4374,wait,True,6,,,,,,,2.0,0.4185,6.117085,79.9,2
2023-09-28,0.4372,0.4499,0.4346,0.4474,wait,True,6,,,,,,,2.0,0.4185,7.502987,79.9,2
2023-09-29,0.4473,0.4971,0.4441,0.4791,wait,True,6,,,,,,,2.0,0.4185,18.781362,79.9,2
2023-09-30,0.4792,0.4861,0.462,0.4703,wait,True,6,,,,,,,2.0,0.4185,16.152927,79.9,2
2023-10-01,0.4703,0.5099,0.4644,0.507,wait,True,6,,,,,,,2.0,0.4185,21.839904,79.9,2
2023-10-02,0.5071,0.5077,0.4579,0.4663,wait,True,6,,,,,,,2.0,0.4185,21.314217,79.9,2
2023-10-03,0.4663,0.4687,0.4412,0.4445,wait,True,6,,,,,,,2.0,0.4185,11.995221,79.9,2
2023-10-04,0.4444,0.4474,0.4252,0.4418,wait,True,6,,,,,,,2.0,0.4185,6.905615,79.9,2
2023-10-05,0.4419,0.4492,0.4323,0.4342,wait,True,6,,,,,,,2.0,0.4185,7.335723,79.9,2
2023-10-06,0.4344,0.4486,0.433,0.4436,wait,True,6,,,,,,,2.0,0.4185,7.192354,79.9,2
2023-10-07,0.4435,0.4592,0.4384,0.4427,wait,True,6,,,,,,,2.0,0.4185,9.725209,79.9,2
2023-10-08,0.4421,0.4442,0.4344,0.4377,wait,True,6,,,,,,,2.0,0.4185,6.14098,79.9,2
2023-10-09,0.4379,0.4388,0.4018,0.4164,wait,True,6,,,,,,,2.0,0.4018,9.208561,79.9,2
2023-10-10,0.4163,0.4189,0.4112,0.4158,wait,True,6,,,,,,,2.0,0.4018,4.255849,79.9,2
2023-10-11,0.416,0.4173,0.4007,0.4099,wait,True,6,,,,,,,2.0,0.4007,4.14275,79.9,2
2023-10-12,0.4098,0.4129,0.4006,0.4074,wait,True,6,,,,,,,2.0,0.4006,3.070394,79.9,2
2023-10-13,0.4073,0.4243,0.4056,0.4134,wait,True,6,,,,,,,2.0,0.4006,5.916126,79.9,2
2023-10-14,0.4135,0.4194,0.4114,0.4155,wait,True,6,,,,,,,2.0,0.4006,4.692961,79.9,2
2023-10-15,0.4155,0.416,0.4051,0.4105,wait,True,6,,,,,,,2.0,0.4006,3.844234,79.9,2
2023-10-16,0.4105,0.43,0.4041,0.4103,wait,True,6,,,,,,,2.0,0.4006,7.338992,79.9,2
2023-10-17,0.4106,0.4118,0.3688,0.3806,wait,True,6,,,,,,,2.0,0.3688,11.659436,79.9,2
2023-10-18,0.3807,0.3902,0.3642,0.3826,wait,True,6,,,,,,,2.0,0.3642,7.138935,79.9,2
2023-10-19,0.3825,0.3829,0.362,0.3703,wait,True,6,,,,,,,2.0,0.362,5.773481,79.9,2
2023-10-20,0.3703,0.3887,0.3643,0.3827,wait,True,6,,,,,,,2.0,0.362,7.375691,79.9,2
2023-10-21,0.3828,0.4002,0.3795,0.3908,wait,True,6,,,,,,,2.0,0.362,10.552486,79.9,2
2023-10-22,0.3909,0.4194,0.3874,0.4043,wait,True,6,,,,,,,2.0,0.362,15.856354,79.9,2
2023-10-23,0.4043,0.4214,0.392,0.4208,wait,True,6,,,,,,,2.0,0.362,16.40884,79.9,2
2023-10-24,0.4206,0.4594,0.414,0.4345,wait,True,6,,,,,,,2.0,0.362,26.906077,79.9,2
2023-10-25,0.4342,0.4505,0.4196,0.4369,wait,True,6,,,,,,,2.0,0.362,24.447514,79.9,2
2023-10-26,0.437,0.4635,0.4167,0.4401,wait,True,6,,,,,,,2.0,0.362,28.038674,79.9,2
2023-10-27,0.44,0.456,0.4203,0.4308,wait,True,6,,,,,,,2.0,0.362,25.966851,79.9,2
2023-10-28,0.4308,0.4786,0.4306,0.4671,wait,True,6,,,,,,,2.0,0.362,32.209945,79.9,2
2023-10-29,0.4673,0.4696,0.4505,0.4527,wait,True,6,,,,,,,2.0,0.362,29.723757,79.9,2
2023-10-30,0.4527,0.4739,0.4428,0.4628,wait,True,6,,,,,,,2.0,0.362,30.911602,79.9,2
2023-10-31,0.463,0.4759,0.42,0.4429,wait,True,6,,,,,,,2.0,0.362,31.464088,79.9,2
2023-11-01,0.4428,0.4726,0.4251,0.4651,wait,True,6,,,,,,,2.0,0.362,30.552486,79.9,2
2023-11-02,0.4652,0.4813,0.4409,0.4584,wait,True,6,,,,,,,2.0,0.362,32.955801,79.9,2
2023-11-03,0.4586,0.4586,0.4314,0.4554,wait,True,6,,,,,,,2.0,0.362,26.685083,79.9,2
2023-11-04,0.4554,0.5196,0.4509,0.5064,wait,True,6,,,,,,,2.0,0.362,43.535912,79.9,2
2023-11-05,0.5064,0.5238,0.4818,0.5001,wait,True,6,,,,,,,2.0,0.362,44.696133,79.9,2
2023-11-06,0.4999,0.5378,0.4863,0.5285,wait,True,6,,,,,,,2.0,0.362,48.563536,79.9,2
2023-11-07,0.5285,0.5286,0.4915,0.5235,wait,True,6,,,,,,,2.0,0.362,46.022099,79.9,2
2023-11-08,0.5235,0.6,0.5171,0.578,wait,True,6,,,,,,,2.0,0.362,65.745856,79.9,2
2023-11-09,0.5781,0.6078,0.4797,0.561,wait,True,6,,,,,,,2.0,0.362,67.900552,79.9,2
2023-11-10,0.561,0.626,0.534,0.6095,wait,True,6,,,,,,,2.0,0.362,72.928177,79.9,2
2023-11-11,0.6094,0.6142,0.5675,0.5921,wait,True,6,,,,,,,2.0,0.362,69.668508,79.9,2
2023-11-12,0.5923,0.6459,0.5575,0.6179,wait,True,6,,,,,,,2.0,0.362,78.425414,79.9,2
2023-11-13,0.6179,0.66,0.6003,0.6005,wait,False,,SELL S6,HIGH,,,0.66,0.66,2.0,,,79.9,2
2023-11-14,0.601,0.63,0.539,0.5662,wait,True,6,BUY B6,LOW,B6,0.56,0.539,0.56,2.0,0.539,16.883117,79.9,2
2023-11-15,0.566,0.6209,0.5598,0.619,wait,True,6,,,,,,,2.0,0.539,15.194805,79.9,2
2023-11-16,0.6191,0.6422,0.5505,0.5652,wait,True,6,,,,,,,2.0,0.539,19.146568,79.9,2
2023-11-17,0.5652,0.5862,0.525,0.5541,wait,True,6,,,,,,,2.0,0.525,11.657143,79.9,2
2023-11-18,0.554,0.5577,0.514,0.5466,wait,True,6,,,,,,,2.0,0.514,8.501946,79.9,2
2023-11-19,0.5463,0.567,0.5282,0.5633,wait,True,6,,,,,,,2.0,0.514,10.311284,79.9,2
2023-11-20,0.5632,0.5786,0.5425,0.5547,wait,True,6,,,,,,,2.0,0.514,12.568093,79.9,2
2023-11-21,0.5547,0.5828,0.5,0.5022,wait,True,6,,,,,,,2.0,0.5,16.56,79.9,2
2023-11-22,0.5023,0.5637,0.5002,0.5562,wait,True,6,,,,,,,2.0,0.5,12.74,79.9,2
2023-11-23,0.5566,0.5955,0.5519,0.5885,wait,True,6,,,,,,,2.0,0.5,19.1,79.9,2
2023-11-24,0.5884,0.6422,0.5814,0.6267,wait,True,6,,,,,,,2.0,0.5,28.44,79.9,2
2023-11-25,0.6268,0.6891,0.6214,0.6553,wait,True,6,,,,,,,2.0,0.5,37.82,79.9,2
2023-11-26,0.6555,0.67,0.6072,0.6349,wait,True,6,,,,,,,2.0,0.5,34.0,79.9,2
2023-11-27,0.6349,0.6475,0.577,0.5933,wait,True,6,,,,,,,2.0,0.5,29.5,79.9,2
2023-11-28,0.5934,0.63,0.5639,0.618,wait,True,6,,,,,,,2.0,0.5,26.0,79.9,2
2023-11-29,0.6179,0.6234,0.5781,0.601,wait,True,6,,,,,,,2.0,0.5,24.68,79.9,2
2023-11-30,0.601,0.644,0.587,0.5971,wait,True,6,,,,,,,2.0,0.5,28.8,79.9,2
2023-12-01,0.5971,0.628,0.5911,0.6131,wait,True,6,,,,,,,2.0,0.5,25.6,79.9,2
2023-12-02,0.6131,0.6339,0.6034,0.6253,wait,True,6,,,,,,,2.0,0.5,26.78,79.9,2
2023-12-03,0.6253,0.6301,0.5973,0.6153,wait,True,6,,,,,,,2.0,0.5,26.02,79.9,2
2023-12-04,0.6152,0.639,0.5557,0.629,wait,True,6,,,,,,,2.0,0.5,27.8,79.9,2
2023-12-05,0.6289,0.659,0.6171,0.6443,wait,True,6,,,,,,,2.0,0.5,31.8,79.9,2
2023-12-06,0.6444,0.6624,0.6033,0.6201,wait,True,6,,,,,,,2.0,0.5,32.48,79.9,2
2023-12-07,0.6202,0.6869,0.6045,0.6713,wait,True,6,,,,,,,2.0,0.5,37.38,79.9,2
2023-12-08,0.6714,0.7147,0.6684,0.7029,wait,True,6,,,,,,,2.0,0.5,42.94,79.9,2
2023-12-09,0.7029,0.7268,0.6705,0.6778,wait,True,6,,,,,,,0.7268,0.5,45.36,79.9,7
2023-12-10,0.6783,0.7159,0.6671,0.6925,wait,True,6,,,,,,,0.7268,0.5,43.18,79.9,7
2023-12-11,0.6926,0.7143,0.6068,0.6291,wait,True,6,,,,,,,0.7268,0.5,42.86,79.9,7
2023-12-12,0.6291,0.664,0.619,0.6597,wait,True,6,,,,,,,0.7268,0.5,32.8,79.9,7
2023-12-13,0.6597,0.6664,0.605,0.6527,wait,True,6,,,,,,,0.7268,0.5,33.28,79.9,7
2023-12-14,0.6529,0.67,0.6262,0.6545,wait,True,6,,,,,,,0.7268,0.5,34.0,79.9,7
2023-12-15,0.6546,0.6556,0.6153,0.6175,wait,True,6,,,,,,,0.7268,0.5,31.12,79.9,7
2023-12-16,0.6175,0.6498,0.6001,0.6322,wait,True,6,,,,,,,0.7268,0.5,29.96,79.9,7
2023-12-17,0.6322,0.6365,0.6043,0.6105,wait,True,6,,,,,,,0.7268,0.5,27.3,79.9,7
2023-12-18,0.6104,0.6194,0.5635,0.6105,wait,True,6,,,,,,,0.7268,0.5,23.88,79.9,7
2023-12-19,0.6105,0.7189,0.6052,0.6786,wait,True,6,,,,,,,0.7268,0.5,43.78,79.9,7
2023-12-20,0.6787,0.7477,0.6446,0.688,wait,True,6,,,,,,,0.7477,0.5,49.54,79.9,7
2023-12-21,0.6881,0.7184,0.6706,0.6876,wait,True,6,,,,,,,0.7477,0.5,43.68,79.9,7
2023-12-22,0.6875,0.7007,0.6564,0.695,wait,True,6,,,,,,,0.7477,0.5,40.14,79.9,7
2023-12-23,0.695,0.7592,0.692,0.7534,wait,True,6,,,,,,,0.7592,0.5,51.84,79.9,7
2023-12-24,0.7536,0.7633,0.7014,0.7142,wait,True,6,,,,,,,0.7633,0.5,52.66,79.9,7
2023-12-25,0.714,0.8286,0.7094,0.8166,wait,True,6,,,,,,,0.8286,0.5,65.72,79.9,7
2023-12-26,0.8168,0.909,0.7737,0.8838,wait,False,,SELL S6,HIGH,,,0.909,0.909,0.909,,,79.9,7
2023-12-27,0.8841,0.9216,0.8207,0.8301,wait,False,,,,,,,,0.9216,,,,7
2023-12-28,0.8301,0.864,0.7768,0.7966,wait,False,,,,,,,,0.9216,,,,7
2023-12-29,0.7966,0.843,0.76,0.8057,wait,False,,,,,,,,0.9216,,,,7
2023-12-30,0.8059,0.823,0.7693,0.8082,wait,False,,,,,,,,0.9216,,,,7
2023-12-31,0.8085,0.8308,0.7637,0.7752,wait,False,,,,,,,,0.9216,,,,7
2024-01-01,0.7753,0.8478,0.7557,0.8438,wait,False,,,,,,,,0.9216,,,,7
2024-01-02,0.8438,0.932,0.84,0.9062,wait,False,,,,,,,,0.932,,,,7
2024-01-03,0.9061,0.942,0.68,0.8437,wait,False,,,,,,,,0.942,,,,7
2024-01-04,0.8433,0.8711,0.8052,0.8535,wait,False,,,,,,,,0.942,,,,7
2024-01-05,0.8538,0.9007,0.7676,0.8999,wait,False,,,,,,,,0.942,,,,7
2024-01-06,0.9,0.9,0.8072,0.8316,wait,False,,,,,,,,0.942,,,,7
2024-01-07,0.8314,0.8611,0.7913,0.8002,wait,False,,,,,,,,0.942,,,,7
2024-01-08,0.7998,0.8843,0.7201,0.8599,wait,False,,,,,,,,0.942,,,,7
2024-01-09,0.86,0.8743,0.7758,0.7983,wait,False,,,,,,,,0.942,,,,7
2024-01-10,0.7982,0.8622,0.7601,0.842,wait,False,,,,,,,,0.942,,,,7
2024-01-11,0.8419,1.15,0.8301,1.0927,wait,False,,,,,,,,1.15,,,,7
2024-01-12,1.0928,1.2266,1.0434,1.1685,wait,False,,,,,,,,1.2266,,,,7
2024-01-13,1.1685,1.3645,1.1196,1.2895,high,False,,,,,,,,1.3645,,,,7
2024-01-14,1.2892,1.3536,1.2321,1.2506,high,False,,,,,,,,1.3645,,,,7
2024-01-15,1.2508,1.4508,1.25,1.3716,high,False,,,,,,,,1.4508,,,,7
2024-01-16,1.3721,1.3986,1.2394,1.2704,high,False,,,,,,,,1.4508,,,,7
2024-01-17,1.2702,1.3299,1.202,1.2933,high,False,,,,,,,,1.4508,,,,7
2024-01-18,1.2934,1.3472,1.1438,1.1586,high,False,,,,,,,,1.4508,,,,7
2024-01-19,1.1586,1.1923,1.084,1.1659,high,False,,,,,,,,1.4508,,,,7
2024-01-20,1.1659,1.1663,1.057,1.1024,high,False,,,,,,,,1.4508,,,,7
2024-01-21,1.1023,1.13,1.0552,1.0613,high,False,,,,,,,,1.4508,,,,7
2024-01-22,1.0611,1.1312,1.0074,1.0739,high,False,,,,,,,,1.4508,,,,7
2024-01-23,1.0738,1.2274,1.013,1.1859,high,False,,,,,,,,1.4508,,,,7
2024-01-24,1.186,1.3175,1.1424,1.2926,high,False,,,,,,,,1.4508,,,,7
2024-01-25,1.2925,1.294,1.1625,1.1785,high,False,,,,,,,,1.4508,,,,7
2024-01-26,1.1785,1.4722,1.1564,1.4588,high,False,,,,,,,,1.4722,,,,7
2024-01-27,1.4589,1.496,1.3694,1.3946,high,False,,,,,,,,1.496,,,,7
2024-01-28,1.3947,1.4894,1.3101,1.3331,high,False,,,,,,,,1.496,,,,7
2024-01-29,1.3331,1.5882,1.3272,1.5623,high,False,,,,,,,,1.5882,,,,7
2024-01-30,1.5624,1.65,1.5142,1.5448,high,False,,,,,,,,1.65,,,,7
2024-01-31,1.5447,1.6399,1.48,1.5187,high,False,,,,,,,,1.65,,,,7
2024-02-01,1.5186,1.5679,1.4319,1.5259,high,False,,,,,,,,1.65,,,,7
2024-02-02,1.5259,1.5454,1.4447,1.4625,high,False,,,,,,,,1.65,,,,7
2024-02-03,1.4625,1.4851,1.3877,1.4377,high,False,,,,,,,,1.65,,,,7
2024-02-04,1.4376,1.5403,1.4237,1.4647,high,False,,,,,,,,1.65,,,,7
2024-02-05,1.4644,1.663,1.433,1.576,high,False,,,,,,,,1.663,,,,7
2024-02-06,1.5758,1.6152,1.51,1.5178,high,False,,,,,,,,1.663,,,,7
2024-02-07,1.5181,1.5608,1.4861,1.5411,high,False,,,,,,,,1.663,,,,7
2024-02-08,1.5407,1.587,1.504,1.5262,high,False,,,,,,,,1.663,,,,7
2024-02-09,1.5261,1.808,1.5195,1.7612,high,False,,,,,,,,1.808,,,,7
2024-02-10,1.7613,1.8139,1.6994,1.7315,high,False,,,,,,,,1.8139,,,,7
2024-02-11,1.7315,1.7987,1.678,1.6945,high,False,,,,,,,,1.8139,,,,7
2024-02-12,1.6944,1.8299,1.6869,1.7619,high,False,,,,,,,,1.8299,,,,7
2024-02-13,1.7619,1.8796,1.728,1.8558,high,False,,,,,,,,1.8796,,,,7
2024-02-14,1.8559,1.974,1.8126,1.9054,high,False,,,,,,,,1.974,,,,7
2024-02-15,1.9052,1.9467,1.8202,1.8629,high,False,,,,,,,,1.974,,,,7
2024-02-16,1.8628,1.8809,1.7436,1.8072,high,False,,,,,,,,1.974,,,,7
2024-02-17,1.8074,1.8142,1.7022,1.7677,high,False,,,,,,,,1.974,,,,7
2024-02-18,1.7677,1.8157,1.7332,1.7997,high,False,,,,,,,,1.974,,,,7
2024-02-19,1.7996,1.8341,1.7367,1.7735,high,False,,,,,,,,1.974,,,,7
2024-02-20,1.7735,1.778,1.6177,1.7169,high,False,,,,,,,,1.974,,,,7
2024-02-21,1.7168,1.7219,1.6183,1.6922,high,False,,,,,,,,1.974,,,,7
2024-02-22,1.6923,1.7722,1.6389,1.7187,high,False,,,,,,,,1.974,,,,7
2024-02-23,1.7187,1.7481,1.5646,1.6034,high,False,,,,,,,,1.974,,,,7
2024-02-24,1.6033,1.6667,1.5524,1.636,high,False,,,,,,,,1.974,,,,7
2024-02-25,1.636,1.6555,1.6131,1.6455,high,False,,,,,,,,1.974,,,,7
2024-02-26,1.6455,1.7167,1.5789,1.6705,high,False,,,,,,,,1.974,,,,7
2024-02-27,1.6705,1.7047,1.568,1.6148,high,False,,,,,,,,1.974,,,,7
2024-02-28,1.615,1.7197,1.37,1.5834,high,False,,,,,,,,1.974,,,,7
2024-02-29,1.5836,1.7155,1.5689,1.6769,high,False,,,,,,,,1.974,,,,7
2024-03-01,1.6769,1.7446,1.6525,1.6903,high,False,,,,,,,,1.974,,,,7
2024-03-02,1.6903,1.6993,1.5869,1.621,high,False,,,,,,,,1.974,,,,7
2024-03-03,1.6211,1.6283,1.421,1.559,high,False,,,,,,,,1.974,,,,7
2024-03-04,1.5592,1.591,1.4333,1.4868,high,False,,,,,,,,1.974,,,,7
2024-03-05,1.4869,1.5866,1.212,1.3962,high,False,,,,,,,,1.974,,,,7
2024-03-06,1.3962,1.5097,1.3585,1.4749,high,False,,,,,,,,1.974,,,,7
2024-03-07,1.475,1.62,1.4711,1.5799,high,False,,,,,,,,1.974,,,,7
2024-03-08,1.58,1.6024,1.453,1.5439,high,False,,,,,,,,1.974,,,,7
2024-03-09,1.5438,1.6715,1.5187,1.5838,high,False,,,,,,,,1.974,,,,7
2024-03-10,1.5839,1.652,1.5161,1.5553,high,False,,,,,,,,1.974,,,,7
2024-03-11,1.5552,1.5925,1.475,1.5717,high,False,,,,,,,,1.974,,,,7
2024-03-12,1.5718,1.6347,1.43,1.5993,high,False,,,,,,,,1.974,,,,7
2024-03-13,1.5994,1.697,1.5702,1.6212,high,False,,,,,,,,1.974,,,,7
2024-03-14,1.6213,1.6602,1.472,1.5672,high,False,,,,,,,,1.974,,,,7
2024-03-15,1.5672,1.5822,1.3386,1.4927,high,False,,,,,,,,1.974,,,,7
2024-03-16,1.4927,1.72,1.485,1.6342,high,False,,,,,,,,1.974,,,,7
2024-03-17,1.6341,1.6388,1.4351,1.6185,high,False,,,,,,,,1.974,,,,7
2024-03-18,1.6185,1.754,1.5177,1.5236,high,False,,,,,,,,1.974,,,,7
2024-03-19,1.5236,1.7371,1.43,1.6464,high,False,,,,,,,,1.974,,,,7
2024-03-20,1.6463,1.78,1.4994,1.7537,high,False,,,,,,,,1.974,,,,7
2024-03-21,1.7537,1.9486,1.7404,1.8264,high,False,,,,,,,,1.974,,,,7
2024-03-22,1.8264,1.8319,1.6837,1.7313,high,False,,,,,,,,1.974,,,,7
2024-03-23,1.7312,1.738,1.6412,1.6445,high,False,,,,,,,,1.974,,,,7
2024-03-24,1.6447,1.6989,1.6186,1.6783,high,False,,,,,,,,1.974,,,,7
2024-03-25,1.6787,1.7478,1.6544,1.7036,high,False,,,,,,,,1.974,,,,7
2024-03-26,1.7035,1.897,1.6966,1.8858,high,False,,,,,,,,1.974,,,,7
2024-03-27,1.8859,2.1829,1.8557,2.0754,high,False,,,,,,,,2.1829,,,,7
2024-03-28,2.0754,2.1675,1.9588,2.0219,high,False,,,,,,,,2.1829,,,,7
2024-03-29,2.0219,2.1472,1.9015,1.903,high,False,,,,,,,,2.1829,,,,7
2024-03-30,1.903,1.9554,1.8661,1.8805,high,False,,,,,,,,2.1829,,,,7
2024-03-31,1.8805,1.9263,1.8651,1.9137,high,False,,,,,,,,2.1829,,,,7
2024-04-01,1.9143,2.0263,1.8,1.9398,high,False,,,,,,,,2.1829,,,,7
2024-04-02,1.9399,2.0054,1.7268,1.733,high,False,,,,,,,,2.1829,,,,7
2024-04-03,1.7331,1.7655,1.6363,1.6681,high,False,,,,,,,,2.1829,,,,7
2024-04-04,1.6682,1.743,1.6574,1.6839,high,False,,,,,,,,2.1829,,,,7
2024-04-05,1.6839,1.684,1.5406,1.6075,high,False,,,,,,,,2.1829,,,,7
2024-04-06,1.6077,1.6445,1.6004,1.6248,high,False,,,,,,,,2.1829,,,,7
2024-04-07,1.6247,1.6682,1.617,1.6421,high,False,,,,,,,,2.1829,,,,7
2024-04-08,1.6419,1.7225,1.6189,1.7099,high,False,,,,,,,,2.1829,,,,7
2024-04-09,1.7096,1.7188,1.5691,1.5748,high,False,,,,,,,,2.1829,,,,7
2024-04-10,1.5745,1.5841,1.46,1.5216,high,False,,,,,,,,2.1829,,,,7
2024-04-11,1.5217,1.5604,1.4753,1.4904,high,False,,,,,,,,2.1829,,,,7
2024-04-12,1.4904,1.5144,1.04,1.2394,wait,False,,SELL S1,HIGH,B1,1.222424,1.5144,1.5144,2.1829,,,7.7,7
2024-04-13,1.2395,1.2461,0.8856,1.0611,wait,False,,SELL S1,HIGH,B1,1.222424,1.2461,1.2461,2.1829,,,7.7,7
2024-04-14,1.0612,1.2097,1.0246,1.1985,wait,False,,SELL S1,HIGH,B1,1.222424,1.2097,1.2097,2.1829,,,7.7,6
2024-04-15,1.1983,1.2982,1.1152,1.1716,wait,True,2,BUY B2,LOW,B2,1.135108,1.1152,1.135108,2.1829,1.1152,16.409613,17.3,6
2024-04-16,1.1716,1.2335,1.105,1.2239,wait,True,2,,,,,,,2.1829,1.105,11.628959,17.3,6
2024-04-17,1.2239,1.3578,1.177,1.2598,wait,False,,SELL S2,HIGH,,,1.3578,1.3578,2.1829,,,17.3,7
2024-04-18,1.2598,1.2885,1.1984,1.2552,wait,True,1,BUY B1,LOW,B1,1.222424,1.1984,1.222424,2.1829,1.1984,7.518358,7.7,7
2024-04-19,1.2553,1.391,1.1347,1.3334,wait,False,,SELL S1,HIGH,,,1.391,1.391,2.1829,,,7.7,7
2024-04-20,1.3331,1.4354,1.3048,1.4272,wait,False,,,,,,,,2.1829,,,,7
2024-04-21,1.427,1.4448,1.3407,1.3706,wait,False,,,,,,,,2.1829,,,,7
2024-04-22,1.3701,1.44,1.3542,1.3925,wait,False,,,,,,,,2.1829,,,,7
2024-04-23,1.3924,1.4169,1.3105,1.3263,wait,False,,,,,,,,2.1829,,,,7
2024-04-24,1.3262,1.3491,1.2366,1.2506,wait,False,,,,,,,,2.1829,,,,7
2024-04-25,1.2508,1.2657,1.1876,1.2242,wait,True,1,BUY B1,LOW,B1,1.222424,1.1876,1.222424,2.1829,1.1876,6.576288,7.7,7
2024-04-26,1.2242,1.2302,1.1614,1.1737,wait,True,1,,,,,,,2.1829,1.1614,5.923885,7.7,7
2024-04-27,1.1744,1.2323,1.118,1.2111,wait,False,,SELL S1,HIGH,,,1.2323,1.2323,2.1829,,,7.7,7
2024-04-28,1.2112,1.2599,1.2058,1.2177,wait,True,1,BUY B1,LOW,B1,1.222424,1.2058,1.222424,2.1829,1.2058,4.486648,7.7,7
2024-04-29,1.217,1.2315,1.1669,1.1921,wait,True,1,,,,,,,2.1829,1.1669,5.536036,7.7,7
2024-04-30,1.1922,1.2059,1.072,1.1438,wait,False,,SELL S1,HIGH,,,1.2059,1.2059,2.1829,,,7.7,6
2024-05-01,1.1434,1.1668,1.0683,1.1474,wait,True,2,BUY B2,LOW,B2,1.135108,1.0683,1.135108,2.1829,1.0683,9.220256,17.3,6
2024-05-02,1.1474,1.1606,1.0926,1.1212,wait,True,2,,,,,,,2.1829,1.0683,8.639895,17.3,6
2024-05-03,1.121,1.1468,1.0693,1.1119,wait,True,2,,,,,,,2.1829,1.0683,7.348123,17.3,6
2024-05-04,1.1116,1.1249,1.0766,1.091,wait,True,2,,,,,,,2.1829,1.0683,5.298137,17.3,6
2024-05-05,1.091,1.1216,1.0535,1.0954,wait,True,2,,,,,,,2.1829,1.0535,6.464167,17.3,6
2024-05-06,1.0956,1.1519,1.0787,1.0932,wait,True,2,,,,,,,2.1829,1.0535,9.340294,17.3,6
2024-05-07,1.0933,1.145,1.0755,1.0797,wait,True,2,,,,,,,2.1829,1.0535,8.685335,17.3,6
2024-05-08,1.0796,1.0833,1.0048,1.0105,wait,True,2,,,,,,,2.1829,1.0048,7.8125,17.3,6
2024-05-09,1.0104,1.0404,0.9738,1.0262,wait,True,2,,,,,,,2.1829,0.9738,6.839187,17.3,6
2024-05-10,1.0262,1.1108,1.0022,1.0076,wait,True,2,,,,,,,2.1829,0.9738,14.068597,17.3,6
2024-05-11,1.0076,1.0325,0.9901,0.9944,wait,True,2,,,,,,,2.1829,0.9738,6.027932,17.3,6
2024-05-12,0.9944,1.0208,0.9917,1.0037,wait,True,2,,,,,,,2.1829,0.9738,4.826453,17.3,6
2024-05-13,1.004,1.0148,0.9426,0.9696,wait,True,2,,,,,,,2.1829,0.9426,7.659665,17.3,6
2024-05-14,0.9695,0.9765,0.8851,0.8964,wait,True,2,,,,,,,2.1829,0.8851,10.326517,17.3,6
2024-05-15,0.8965,1.0266,0.8859,0.9921,wait,True,2,,,,,,,2.1829,0.8851,15.986894,17.3,6
2024-05-16,0.9918,1.0754,0.9753,1.024,wait,False,,SELL S2,HIGH,,,1.0754,1.0754,2.1829,,,17.3,5
2024-05-17,1.024,1.1087,1.0092,1.0755,wait,False,,,,,,,,2.1829,,,,5
2024-05-18,1.0755,1.0898,1.0516,1.0811,wait,False,,,,,,,,2.1829,,,,5
2024-05-19,1.0811,1.0894,1.0182,1.0269,wait,False,,,,,,,,2.1829,,,,5
2024-05-20,1.0268,1.147,1.0081,1.1467,wait,False,,,,,,,,2.1829,,,,5
2024-05-21,1.1466,1.172,1.1173,1.1406,wait,False,,,,,,,,2.1829,,,,5
2024-05-22,1.1407,1.1544,1.0809,1.1051,wait,False,,,,,,,,2.1829,,,,5
2024-05-23,1.1054,1.1335,1.0038,1.0764,wait,True,3,BUY B3,LOW,B3,1.004134,1.0038,1.004134,2.1829,1.0038,12.920901,24.4,5
2024-05-24,1.0762,1.0858,1.0316,1.0676,wait,True,3,,,,,,,2.1829,1.0038,8.168958,24.4,5
2024-05-25,1.0676,1.0837,1.051,1.0629,wait,True,3,,,,,,,2.1829,1.0038,7.959753,24.4,5
2024-05-26,1.0629,1.0704,1.0221,1.0419,wait,True,3,,,,,,,2.1829,1.0038,6.634788,24.4,5
2024-05-27,1.042,1.0829,1.0313,1.0743,wait,True,3,,,,,,,2.1829,1.0038,7.880056,24.4,5
2024-05-28,1.0744,1.0759,1.0137,1.0303,wait,True,3,,,,,,,2.1829,1.0038,7.182706,24.4,5
2024-05-29,1.0302,1.0475,1.0081,1.0165,wait,True,3,,,,,,,2.1829,1.0038,4.353457,24.4,5
2024-05-30,1.0164,1.0354,0.98,1.013,wait,True,3,,,,,,,2.1829,0.98,5.653061,24.4,5
2024-05-31,1.0129,1.034,0.9951,1.0234,wait,True,3,,,,,,,2.1829,0.98,5.510204,24.4,5
2024-06-01,1.0233,1.0365,1.0096,1.024,wait,True,3,,,,,,,2.1829,0.98,5.765306,24.4,5
2024-06-02,1.0239,1.0389,1.007,1.0164,wait,True,3,,,,,,,2.1829,0.98,6.010204,24.4,5
2024-06-03,1.0165,1.0561,1.0134,1.04,wait,True,3,,,,,,,2.1829,0.98,7.765306,24.4,5
2024-06-04,1.0399,1.0559,1.0121,1.054,wait,True,3,,,,,,,2.1829,0.98,7.744898,24.4,5
2024-06-05,1.0539,1.1049,1.0463,1.1041,wait,True,3,,,,,,,2.1829,0.98,12.744898,24.4,5
2024-06-06,1.1041,1.1364,1.0857,1.1132,wait,True,3,,,,,,,2.1829,0.98,15.959184,24.4,5
2024-06-07,1.1132,1.1719,0.983,1.081,wait,True,3,,,,,,,2.1829,0.98,19.581633,24.4,5
2024-06-08,1.0809,1.1711,1.0637,1.1041,wait,True,3,,,,,,,2.1829,0.98,19.5,24.4,5
2024-06-09,1.104,1.1295,1.0639,1.094,wait,True,3,,,,,,,2.1829,0.98,15.255102,24.4,5
2024-06-10,1.094,1.0964,1.0311,1.0338,wait,True,3,,,,,,,2.1829,0.98,11.877551,24.4,5
2024-06-11,1.0338,1.0439,0.98,0.9921,wait,True,3,,,,,,,2.1829,0.98,6.520408,24.4,5
2024-06-12,0.9922,1.0545,0.96,1.0185,wait,True,3,,,,,,,2.1829,0.96,9.84375,24.4,5
2024-06-13,1.0186,1.0207,0.9583,0.9658,wait,True,3,,,,,,,2.1829,0.9583,6.511531,24.4,5
2024-06-14,0.9659,1.0032,0.9021,0.9294,wait,True,3,,,,,,,2.1829,0.9021,11.207183,24.4,5
2024-06-15,0.9295,0.9594,0.9261,0.9444,wait,True,3,,,,,,,2.1829,0.9021,6.351846,24.4,5
2024-06-16,0.9446,0.97,0.9232,0.9698,wait,True,3,,,,,,,2.1829,0.9021,7.526882,24.4,5
2024-06-17,0.9699,0.9852,0.8616,0.8907,wait,True,3,,,,,,,2.1829,0.8616,14.345404,24.4,5
2024-06-18,0.8909,0.8943,0.753,0.8001,wait,True,3,,,,,,,2.1829,0.753,18.76494,24.4,5
2024-06-19,0.8001,0.8758,0.7912,0.8654,wait,True,3,,,,,,,2.1829,0.753,16.308101,24.4,5
2024-06-20,0.8655,0.9239,0.8582,0.8942,wait,True,3,,,,,,,2.1829,0.753,22.695883,24.4,5
2024-06-21,0.8944,0.9203,0.8662,0.9201,wait,True,3,,,,,,,2.1829,0.753,22.217795,24.4,5
2024-06-22,0.92,0.9247,0.8875,0.8909,wait,True,3,,,,,,,2.1829,0.753,22.802125,24.4,5
2024-06-23,0.8907,0.9433,0.8775,0.8811,wait,False,,SELL S3,HIGH,,,0.9433,0.9433,2.1829,,,24.4,4
2024-06-24,0.8812,0.8987,0.8075,0.8949,wait,True,4,BUY B4,LOW,B4,0.894989,0.8075,0.894989,2.1829,0.8075,11.294118,37.4,4
2024-06-25,0.8949,0.907,0.8695,0.8785,wait,True,4,,,,,,,2.1829,0.8075,12.321981,37.4,4
2024-06-26,0.8783,0.8905,0.8201,0.8297,wait,True,4,,,,,,,2.1829,0.8075,10.278638,37.4,4
2024-06-27,0.8296,0.8714,0.8257,0.8368,wait,True,4,,,,,,,2.1829,0.8075,7.913313,37.4,4
2024-06-28,0.8368,0.8448,0.7864,0.7908,wait,True,4,,,,,,,2.1829,0.7864,7.426246,37.4,4
2024-06-29,0.7907,0.8059,0.78,0.7825,wait,True,4,,,,,,,2.1829,0.78,3.320513,37.4,4
2024-06-30,0.7825,0.825,0.7728,0.8201,wait,True,4,,,,,,,2.1829,0.7728,6.754658,37.4,4
2024-07-01,0.82,0.8357,0.8056,0.8092,wait,True,4,,,,,,,2.1829,0.7728,8.139234,37.4,4
2024-07-02,0.8092,0.837,0.7997,0.8254,wait,True,4,,,,,,,2.1829,0.7728,8.307453,37.4,4
2024-07-03,0.8256,0.83,0.7673,0.776,wait,True,4,,,,,,,2.1829,0.7673,8.17151,37.4,4
2024-07-04,0.7761,0.7835,0.6697,0.6736,wait,True,4,,,,,,,2.1829,0.6697,16.992683,37.4,4
2024-07-05,0.6735,0.6748,0.5728,0.6439,wait,True,4,,,,,,,2.1829,0.5728,17.807263,37.4,4
2024-07-06,0.6439,0.7003,0.6398,0.6938,wait,True,4,,,,,,,2.1829,0.5728,22.259078,37.4,4
2024-07-07,0.6938,0.6981,0.6368,0.64,wait,True,4,,,,,,,2.1829,0.5728,21.875,37.4,4
2024-07-08,0.6401,0.697,0.6126,0.6734,wait,True,4,,,,,,,2.1829,0.5728,21.682961,37.4,4
2024-07-09,0.6733,0.7559,0.6666,0.7434,wait,True,4,,,,,,,2.1829,0.5728,31.965782,37.4,4
2024-07-10,0.7434,0.7677,0.7193,0.7379,wait,True,4,,,,,,,2.1829,0.5728,34.025838,37.4,4
2024-07-11,0.738,0.7786,0.7267,0.7558,wait,True,4,,,,,,,2.1829,0.5728,35.928771,37.4,4
2024-07-12,0.7559,0.7718,0.7308,0.7483,wait,True,4,,,,,,,2.1829,0.5728,34.74162,37.4,4
2024-07-13,0.7484,0.7673,0.7428,0.7579,wait,True,4,,,,,,,2.1829,0.5728,33.956006,37.4,4
2024-07-14,0.7579,0.8194,0.7569,0.8073,wait,False,,SELL S4,HIGH,,,0.8194,0.8194,2.1829,,,37.4,3
2024-07-15,0.807,0.8496,0.7931,0.8442,wait,False,,,,,,,,2.1829,,,,3
2024-07-16,0.844,0.8836,0.8159,0.8673,wait,False,,,,,,,,2.1829,,,,3
2024-07-17,0.8674,0.892,0.8391,0.8401,wait,False,,,,,,,,2.1829,,,,3
2024-07-18,0.8402,0.8568,0.7862,0.8109,wait,False,,,,,,,,2.1829,,,,3
2024-07-19,0.811,0.8631,0.7965,0.854,wait,False,,,,,,,,2.1829,,,,3
2024-07-20,0.854,0.8918,0.8434,0.8503,wait,False,,,,,,,,2.1829,,,,3
2024-07-21,0.8505,0.8596,0.8104,0.8591,wait,False,,,,,,,,2.1829,,,,3
2024-07-22,0.8593,0.9024,0.8258,0.8314,wait,False,,,,,,,,2.1829,,,,3
2024-07-23,0.8314,0.8471,0.8,0.8145,wait,False,,,,,,,,2.1829,,,,3
2024-07-24,0.8144,0.8262,0.7646,0.7709,wait,False,,,,,,,,2.1829,,,,3
2024-07-25,0.7708,0.7717,0.71,0.7497,wait,True,5,BUY B5,LOW,B5,0.764015,0.71,0.764015,2.1829,0.71,8.690141,52.7,3
2024-07-26,0.7496,0.7934,0.7466,0.7872,wait,True,5,,,,,,,2.1829,0.71,11.746479,52.7,3
2024-07-27,0.7872,0.799,0.7631,0.7844,wait,True,5,,,,,,,2.1829,0.71,12.535211,52.7,3
2024-07-28,0.7844,0.7844,0.7435,0.7498,wait,True,5,,,,,,,2.1829,0.71,10.478873,52.7,3
2024-07-29,0.7498,0.7851,0.7362,0.74,wait,True,5,,,,,,,2.1829,0.71,10.577465,52.7,3
2024-07-30,0.7401,0.7511,0.694,0.7078,wait,True,5,,,,,,,2.1829,0.694,8.227666,52.7,3
2024-07-31,0.7078,0.7264,0.6936,0.7071,wait,True,5,,,,,,,2.1829,0.6936,4.72895,52.7,3
2024-08-01,0.7071,0.718,0.6571,0.6961,wait,True,5,,,,,,,2.1829,0.6571,9.267996,52.7,3
2024-08-02,0.6959,0.7007,0.6347,0.6381,wait,True,5,,,,,,,2.1829,0.6347,10.398614,52.7,3
2024-08-03,0.6381,0.6537,0.5938,0.6104,wait,True,5,,,,,,,2.1829,0.5938,10.087572,52.7,3
2024-08-04,0.6105,0.6297,0.563,0.5775,wait,True,5,,,,,,,2.1829,0.563,11.847247,52.7,3
2024-08-05,0.5777,0.5815,0.4625,0.5348,wait,True,5,,,,,,,2.1829,0.4625,25.72973,52.7,3
2024-08-06,0.5349,0.6156,0.5342,0.6012,wait,True,5,,,,,,,2.1829,0.4625,33.102703,52.7,3
2024-08-07,0.6013,0.6504,0.5905,0.6167,wait,True,5,,,,,,,2.1829,0.4625,40.627027,52.7,3
2024-08-08,0.6168,0.8628,0.6,0.8525,wait,False,,SELL S5,HIGH,,,0.8628,0.8628,2.1829,,,52.7,3
2024-08-09,0.8525,0.8799,0.8246,0.8552,wait,False,,,,,,,,2.1829,,,,3
2024-08-10,0.8555,0.96,0.8482,0.9196,wait,False,,,,,,,,0.96,,,,7
2024-08-11,0.9195,0.9306,0.8585,0.8737,wait,False,,,,,,,,0.96,,,,7
2024-08-12,0.8735,1.1174,0.8731,1.0143,wait,False,,,,,,,,1.1174,,,,7
2024-08-13,1.0143,1.0165,0.9324,0.9552,wait,False,,,,,,,,1.1174,,,,7
2024-08-14,0.9552,0.9728,0.886,0.934,wait,False,,,,,,,,1.1174,,,,7
2024-08-15,0.934,0.9394,0.8231,0.8452,wait,False,,,,,,,,1.1174,,,,7
2024-08-16,0.8452,0.8847,0.8062,0.8117,wait,False,,,,,,,,1.1174,,,,7
2024-08-17,0.8118,0.851,0.7982,0.8281,wait,False,,,,,,,,1.1174,,,,7
2024-08-18,0.8281,0.8573,0.8182,0.8246,wait,False,,,,,,,,1.1174,,,,7
2024-08-19,0.8247,0.9172,0.8104,0.9012,wait,False,,,,,,,,1.1174,,,,7
2024-08-20,0.9012,0.9295,0.8657,0.8706,wait,False,,,,,,,,1.1174,,,,7
2024-08-21,0.8706,0.8845,0.8323,0.8496,wait,False,,,,,,,,1.1174,,,,7
2024-08-22,0.8495,0.8652,0.8334,0.852,wait,False,,,,,,,,1.1174,,,,7
2024-08-23,0.8521,1.0365,0.851,1.0158,wait,False,,,,,,,,1.1174,,,,7
2024-08-24,1.0158,1.0565,0.9855,1.018,wait,False,,,,,,,,1.1174,,,,7
2024-08-25,1.018,1.022,0.9566,0.999,wait,False,,,,,,,,1.1174,,,,7
2024-08-26,0.9988,1.0144,0.9263,0.9265,wait,False,,,,,,,,1.1174,,,,7
2024-08-27,0.9265,0.9768,0.8321,0.8475,wait,False,,,,,,,,1.1174,,,,7
2024-08-28,0.8475,0.8513,0.7624,0.8098,wait,False,,,,,,,,1.1174,,,,7
2024-08-29,0.8099,0.8545,0.793,0.8034,wait,False,,,,,,,,1.1174,,,,7
2024-08-30,0.8031,0.8378,0.7662,0.8319,wait,False,,,,,,,,1.1174,,,,7
2024-08-31,0.8319,0.8363,0.7843,0.7962,wait,False,,,,,,,,1.1174,,,,7
2024-09-01,0.7961,0.8129,0.756,0.7606,wait,False,,,,,,,,1.1174,,,,7
2024-09-02,0.7606,0.799,0.7415,0.7871,wait,False,,,,,,,,1.1174,,,,7
2024-09-03,0.7869,0.8376,0.78,0.7853,wait,False,,,,,,,,1.1174,,,,7
2024-09-04,0.7853,0.8339,0.7487,0.8089,wait,False,,,,,,,,1.1174,,,,7
2024-09-05,0.809,0.8403,0.78,0.7971,wait,False,,,,,,,,1.1174,,,,7
2024-09-06,0.7969,0.888,0.7889,0.8376,wait,False,,,,,,,,1.1174,,,,7
2024-09-07,0.8377,0.918,0.8288,0.8914,wait,False,,,,,,,,1.1174,,,,7
2024-09-08,0.8914,0.9865,0.8842,0.9393,wait,False,,,,,,,,1.1174,,,,7
2024-09-09,0.9393,0.974,0.8948,0.9581,wait,False,,,,,,,,1.1174,,,,7
2024-09-10,0.9581,0.9711,0.9093,0.9179,wait,False,,,,,,,,1.1174,,,,7
2024-09-11,0.918,0.9335,0.8663,0.9301,wait,False,,,,,,,,1.1174,,,,7
2024-09-12,0.9301,1.0711,0.9272,1.0395,wait,False,,,,,,,,1.1174,,,,7
2024-09-13,1.0395,1.0485,0.9927,1.0275,wait,False,,,,,,,,1.1174,,,,7
2024-09-14,1.0275,1.0692,1.0031,1.0445,wait,False,,,,,,,,1.1174,,,,7
2024-09-15,1.0445,1.142,1.041,1.0787,wait,False,,,,,,,,1.142,,,,7
2024-09-16,1.0787,1.13,1.0227,1.0419,wait,False,,,,,,,,1.142,,,,7
2024-09-17,1.042,1.1907,1.0177,1.1694,wait,False,,,,,,,,1.1907,,,,7
2024-09-18,1.1694,1.3182,1.1423,1.3141,wait,False,,,,,,,,1.3182,,,,7
2024-09-19,1.3142,1.411,1.3078,1.379,wait,False,,,,,,,,1.411,,,,7
2024-09-20,1.3794,1.5769,1.3483,1.4698,high,False,,,,,,,,1.5769,,,,7
2024-09-21,1.4699,1.5125,1.4323,1.4816,high,False,,,,,,,,1.5769,,,,7
2024-09-22,1.4817,1.6341,1.421,1.5848,high,False,,,,,,,,1.6341,,,,7
2024-09-23,1.585,1.6466,1.5088,1.5348,high,False,,,,,,,,1.6466,,,,7
2024-09-24,1.5348,1.7929,1.4931,1.743,high,False,,,,,,,,1.7929,,,,7
2024-09-25,1.7431,1.7755,1.646,1.6978,high,False,,,,,,,,1.7929,,,,7
2024-09-26,1.6978,1.7575,1.6003,1.6401,high,False,,,,,,,,1.7929,,,,7
2024-09-27,1.6401,1.7347,1.6148,1.6568,high,False,,,,,,,,1.7929,,,,7
2024-09-28,1.6568,1.6936,1.6069,1.687,high,False,,,,,,,,1.7929,,,,7
2024-09-29,1.6869,1.85,1.628,1.758,high,False,,,,,,,,1.85,,,,7
2024-09-30,1.7585,1.8408,1.7012,1.7743,high,False,,,,,,,,1.85,,,,7
2024-10-01,1.7742,1.9335,1.6589,1.7571,high,False,,,,,,,,1.9335,,,,7
2024-10-02,1.7572,1.9319,1.7387,1.856,high,False,,,,,,,,1.9335,,,,7
2024-10-03,1.856,2.0116,1.5983,1.6633,high,False,,,,,,,,2.0116,,,,7
2024-10-04,1.6633,1.8239,1.6235,1.7731,high,False,,,,,,,,2.0116,,,,7
2024-10-05,1.7732,1.7884,1.6919,1.7541,high,False,,,,,,,,2.0116,,,,7
2024-10-06,1.7544,1.8666,1.7081,1.841,high,False,,,,,,,,2.0116,,,,7
2024-10-07,1.8409,2.168,1.8364,2.0173,high,False,,,,,,,,2.168,,,,7
2024-10-08,2.0173,2.1347,1.9295,1.9868,high,False,,,,,,,,2.168,,,,7
2024-10-09,1.9869,1.9974,1.8435,1.8755,high,False,,,,,,,,2.168,,,,7
2024-10-10,1.8756,1.9049,1.7467,1.8345,high,False,,,,,,,,2.168,,,,7
2024-10-11,1.8347,2.0876,1.79,2.054,high,False,,,,,,,,2.168,,,,7
2024-10-12,2.054,2.2882,2.0032,2.2415,high,False,,,,,,,,2.2882,,,,7
2024-10-13,2.242,2.368,2.1235,2.3438,high,False,,,,,,,,2.368,,,,7
2024-10-14,2.3436,2.3498,2.2089,2.2501,high,False,,,,,,,,2.368,,,,7
2024-10-15,2.2502,2.2748,1.9725,2.0597,high,False,,,,,,,,2.368,,,,7
2024-10-16,2.0596,2.1552,1.9758,2.0828,high,False,,,,,,,,2.368,,,,7
2024-10-17,2.0829,2.1631,1.9973,2.0249,high,False,,,,,,,,2.368,,,,7
2024-10-18,2.0248,2.1528,2.0088,2.1256,high,False,,,,,,,,2.368,,,,7
2024-10-19,2.1256,2.1256,2.0401,2.0628,high,False,,,,,,,,2.368,,,,7
2024-10-20,2.0627,2.1543,2.0433,2.1282,high,False,,,,,,,,2.368,,,,7
2024-10-21,2.1283,2.1796,1.9972,2.0096,high,False,,,,,,,,2.368,,,,7
2024-10-22,2.0096,2.0336,1.8758,1.9393,high,False,,,,,,,,2.368,,,,7
2024-10-23,1.9394,1.999,1.8657,1.9775,high,False,,,,,,,,2.368,,,,7
2024-10-24,1.9775,2.0518,1.925,1.9369,high,False,,,,,,,,2.368,,,,7
2024-10-25,1.937,1.9443,1.64,1.752,high,False,,,,,,,,2.368,,,,7
2024-10-26,1.752,1.8464,1.7004,1.795,high,False,,,,,,,,2.368,,,,7
2024-10-27,1.7952,1.827,1.7248,1.7559,high,False,,,,,,,,2.368,,,,7
2024-10-28,1.7559,1.7886,1.5983,1.7729,high,False,,,,,,,,2.368,,,,7
2024-10-29,1.7726,2.0999,1.7637,2.0731,high,False,,,,,,,,2.368,,,,7
2024-10-30,2.0718,2.1329,1.9783,2.0828,high,False,,,,,,,,2.368,,,,7
2024-10-31,2.0827,2.0987,1.9368,1.9715,high,False,,,,,,,,2.368,,,,7
2024-11-01,1.9715,2.1099,1.916,1.99,high,False,,,,,,,,2.368,,,,7
2024-11-02,1.9905,2.0258,1.8687,1.9083,high,False,,,,,,,,2.368,,,,7
2024-11-03,1.9083,1.9641,1.7715,1.9466,high,False,,,,,,,,2.368,,,,7
2024-11-04,1.9464,1.9677,1.7914,1.8495,high,False,,,,,,,,2.368,,,,7
2024-11-05,1.8494,2.0702,1.8421,2.009,high,False,,,,,,,,2.368,,,,7
2024-11-06,2.0093,2.3554,1.999,2.3042,high,False,,,,,,,,2.368,,,,7
2024-11-07,2.3038,2.388,2.2081,2.319,high,False,,,,,,,,2.388,,,,7
2024-11-08,2.3193,2.3828,2.2044,2.2883,high,False,,,,,,,,2.388,,,,7
2024-11-09,2.2883,2.85,2.2304,2.7477,high,False,,,,,,,,2.85,,,,7
2024-11-10,2.7478,3.154,2.6971,3.0331,high,False,,,,,,,,3.154,,,,7
2024-11-11,3.0328,3.314,3.0228,3.2726,high,False,,,,,,,,3.314,,,,7
2024-11-12,3.2725,3.3317,2.8235,3.2151,high,False,,,,,,,,3.3317,,,,7
2024-11-13,3.2148,3.4424,2.85,3.3039,high,False,,,,,,,,3.4424,,,,7
2024-11-14,3.3039,3.5284,3.2233,3.3534,high,False,,,,,,,,3.5284,,,,7
2024-11-15,3.3532,3.6796,3.1,3.6107,high,False,,,,,,,,3.6796,,,,7
2024-11-16,3.6108,3.936,3.5792,3.7607,high,False,,,,,,,,3.936,,,,7
2024-11-17,3.761,3.9409,3.5732,3.7839,high,False,,,,,,,,3.9409,,,,7
2024-11-18,3.7846,3.9098,3.6057,3.6992,high,False,,,,,,,,3.9409,,,,7
2024-11-19,3.6993,3.85,3.6043,3.724,high,False,,,,,,,,3.9409,,,,7
2024-11-20,3.7238,3.8443,3.4229,3.5247,high,False,,,,,,,,3.9409,,,,7
2024-11-21,3.5249,3.697,3.3232,3.6252,high,False,,,,,,,,3.9409,,,,7
2024-11-22,3.6253,3.6556,3.3934,3.5653,high,False,,,,,,,,3.9409,,,,7
2024-11-23,3.5649,3.6596,3.34,3.4367,high,False,,,,,,,,3.9409,,,,7
2024-11-24,3.4369,3.5705,3.1367,3.3958,high,False,,,,,,,,3.9409,,,,7
2024-11-25,3.3963,3.4853,3.1013,3.1926,high,False,,,,,,,,3.9409,,,,7
2024-11-26,3.192,3.5414,2.9722,3.4944,high,False,,,,,,,,3.9409,,,,7
2024-11-27,3.4944,3.5028,3.2751,3.4332,high,False,,,,,,,,3.9409,,,,7
2024-11-28,3.4332,3.6554,3.3922,3.4436,high,False,,,,,,,,3.9409,,,,7
2024-11-29,3.4436,3.58,3.3584,3.4856,high,False,,,,,,,,3.9409,,,,7
2024-11-30,3.4855,3.5339,3.4115,3.4758,high,False,,,,,,,,3.9409,,,,7
2024-12-01,3.4759,3.5339,3.3336,3.4763,high,False,,,,,,,,3.9409,,,,7
2024-12-02,3.4763,3.493,3.1783,3.3894,high,False,,,,,,,,3.9409,,,,7
2024-12-03,3.3896,3.8785,3.3225,3.6951,high,False,,,,,,,,3.9409,,,,7
2024-12-04,3.6955,3.7933,3.5214,3.6737,high,False,,,,,,,,3.9409,,,,7
2024-12-05,3.6734,4.4453,3.5261,4.2274,high,False,,,,,,,,4.4453,,,,7
2024-12-06,4.2269,4.49,4.0752,4.2171,high,False,,,,,,,,4.49,,,,7
2024-12-07,4.2171,4.4487,4.1542,4.2589,high,False,,,,,,,,4.49,,,,7
2024-12-08,4.2591,4.3983,4.1214,4.2322,high,False,,,,,,,,4.49,,,,7
2024-12-09,4.2311,4.27,3.35,3.8379,high,False,,,,,,,,4.49,,,,7
2024-12-10,3.837,3.8984,3.4631,3.7135,high,False,,,,,,,,4.49,,,,7
2024-12-11,3.7135,4.406,3.5657,4.3728,high,False,,,,,,,,4.49,,,,7
2024-12-12,4.3729,4.9136,4.3543,4.6209,high,False,,,,,,,,4.9136,,,,7
2024-12-13,4.6205,4.9269,4.5402,4.7623,high,False,,,,,,,,4.9269,,,,7
2024-12-14,4.7622,4.8455,4.3502,4.4592,high,False,,,,,,,,4.9269,,,,7
2024-12-15,4.4595,4.85,4.3514,4.7834,high,False,,,,,,,,4.9269,,,,7
2024-12-16,4.7842,4.96,4.5987,4.6286,high,False,,,,,,,,4.96,,,,7
2024-12-17,4.6282,4.868,4.5659,4.6409,high,False,,,,,,,,4.96,,,,7
2024-12-18,4.6408,4.763,4.19,4.3361,high,False,,,,,,,,4.96,,,,7
2024-12-19,4.3362,4.5984,3.9339,4.0754,high,False,,,,,,,,4.96,,,,7
2024-12-20,4.0753,4.6193,3.492,4.5815,high,False,,,,,,,,4.96,,,,7
2024-12-21,4.5816,4.9099,4.2305,4.3629,high,False,,,,,,,,4.96,,,,7
2024-12-22,4.363,4.5951,4.164,4.3257,high,False,,,,,,,,4.96,,,,7
2024-12-23,4.3258,4.7576,4.1089,4.7163,high,False,,,,,,,,4.96,,,,7
2024-12-24,4.716,4.758,4.4647,4.6059,high,False,,,,,,,,4.96,,,,7
2024-12-25,4.606,4.6442,4.4531,4.4983,high,False,,,,,,,,4.96,,,,7
2024-12-26,4.4986,4.5342,4.1483,4.2024,high,False,,,,,,,,4.96,,,,7
2024-12-27,4.2023,4.4153,4.0542,4.0847,high,False,,,,,,,,4.96,,,,7
2024-12-28,4.0848,4.2678,3.9782,4.2133,high,False,,,,,,,,4.96,,,,7
2024-12-29,4.2133,4.28,4.0527,4.0921,high,False,,,,,,,,4.96,,,,7
2024-12-30,4.0922,4.3748,3.946,4.1811,high,False,,,,,,,,4.96,,,,7
2024-12-31,4.1812,4.3463,4.0479,4.1225,high,False,,,,,,,,4.96,,,,7
2025-01-01,4.1226,4.3187,4.046,4.2847,high,False,,,,,,,,4.96,,,,7
2025-01-02,4.2848,4.4659,4.256,4.3526,high,False,,,,,,,,4.96,,,,7
2025-01-03,4.3527,4.9888,4.2436,4.9843,high,False,,,,,,,,4.9888,,,,7
2025-01-04,4.9842,5.3598,4.8406,5.2902,high,False,,,,,,,,5.3598,,,,7
2025-01-05,5.2902,5.3256,5.1183,5.2443,high,False,,,,,,,,5.3598,,,,7
2025-01-06,5.2444,5.3687,4.9779,5.09,high,False,,,,,,,,5.3687,,,,7
2025-01-07,5.09,5.1717,4.75,4.7852,high,False,,,,,,,,5.3687,,,,7
2025-01-08,4.7852,4.9159,4.3853,4.8961,high,False,,,,,,,,5.3687,,,,7
2025-01-09,4.896,4.896,4.4954,4.7506,high,False,,,,,,,,5.3687,,,,7
2025-01-10,4.7506,5.2519,4.7338,5.1229,high,False,,,,,,,,5.3687,,,,7
2025-01-11,5.1229,5.1429,4.9039,4.97,high,False,,,,,,,,5.3687,,,,7
2025-01-12,4.9699,4.9823,4.6884,4.7328,high,False,,,,,,,,5.3687,,,,7
2025-01-13,4.7328,4.8606,4.253,4.7487,high,False,,,,,,,,5.3687,,,,7
2025-01-14,4.7488,4.764,4.5411,4.5855,high,False,,,,,,,,5.3687,,,,7
2025-01-15,4.5855,4.8919,4.4326,4.8359,high,False,,,,,,,,5.3687,,,,7
2025-01-16,4.836,5.0574,4.5802,4.749,high,False,,,,,,,,5.3687,,,,7
2025-01-17,4.749,4.9687,4.7121,4.8382,high,False,,,,,,,,5.3687,,,,7
2025-01-18,4.8381,5.1396,4.6107,5.004,high,False,,,,,,,,5.3687,,,,7
2025-01-19,5.004,5.0275,4.3903,4.5071,high,False,,,,,,,,5.3687,,,,7
2025-01-20,4.5067,4.847,4.29,4.4181,high,False,,,,,,,,5.3687,,,,7
2025-01-21,4.4181,4.7989,4.2167,4.6581,high,False,,,,,,,,5.3687,,,,7
2025-01-22,4.658,4.7055,4.452,4.4711,high,False,,,,,,,,5.3687,,,,7
2025-01-23,4.471,4.4778,4.156,4.3023,high,False,,,,,,,,5.3687,,,,7
2025-01-24,4.3023,4.4841,4.1612,4.2016,high,False,,,,,,,,5.3687,,,,7
2025-01-25,4.2017,4.2598,4.0985,4.13,high,False,,,,,,,,5.3687,,,,7
2025-01-26,4.13,4.2226,3.8618,3.87,high,False,,,,,,,,5.3687,,,,7
2025-01-27,3.8701,4.0167,3.4952,3.9636,high,False,,,,,,,,5.3687,,,,7
2025-01-28,3.9637,4.0138,3.6087,3.6528,high,False,,,,,,,,5.3687,,,,7
2025-01-29,3.6535,3.8927,3.6011,3.6984,high,False,,,,,,,,5.3687,,,,7
2025-01-30,3.6985,4.2148,3.6661,4.118,high,False,,,,,,,,5.3687,,,,7
2025-01-31,4.1181,4.2526,4.0105,4.0891,high,False,,,,,,,,5.3687,,,,7
2025-02-01,4.0883,4.1195,3.721,3.7347,high,False,,,,,,,,5.3687,,,,7
2025-02-02,3.7347,3.8588,3.0758,3.3072,high,False,,,,,,,,5.3687,,,,7
2025-02-03,3.3073,3.8325,2.39,3.6504,wait,False,,SELL S1,HIGH,B1,3.006472,3.8325,3.8325,5.3687,,,7.7,7
2025-02-04,3.6504,3.8999,3.2744,3.594,wait,False,,,,,,,,5.3687,,,,7
2025-02-05,3.5951,3.7202,3.3029,3.3302,wait,False,,,,,,,,5.3687,,,,7
2025-02-06,3.3303,3.5123,3.1045,3.1358,wait,False,,,,,,,,5.3687,,,,7
2025-02-07,3.1358,3.3875,2.9042,3.0139,wait,False,,SELL S1,HIGH,B1,3.006472,3.3875,3.3875,5.3687,,,7.7,7
2025-02-08,3.014,3.0893,2.8832,3.0624,wait,True,1,BUY B1,LOW,B1,3.006472,2.8832,3.006472,5.3687,2.8832,7.148307,7.7,7
2025-02-09,3.0627,3.1831,2.8679,2.9952,wait,False,,SELL S1,HIGH,,,3.1831,3.1831,5.3687,,,7.7,7
2025-02-10,2.9951,3.3072,2.9006,3.2159,wait,False,,SELL S1,HIGH,B1,3.006472,3.3072,3.3072,5.3687,,,7.7,7
2025-02-11,3.2158,3.5854,3.2012,3.3279,wait,False,,,,,,,,5.3687,,,,7
2025-02-12,3.3278,3.6699,3.08,3.5821,wait,False,,,,,,,,5.3687,,,,7
2025-02-13,3.5822,3.6566,3.4093,3.4676,wait,False,,,,,,,,5.3687,,,,7
2025-02-14,3.4677,3.7386,3.4267,3.5531,wait,False,,,,,,,,5.3687,,,,7
2025-02-15,3.5532,3.5995,3.3736,3.4178,wait,False,,,,,,,,5.3687,,,,7
2025-02-16,3.4177,3.4638,3.2482,3.2688,wait,False,,,,,,,,5.3687,,,,7
2025-02-17,3.2689,3.3573,3.1437,3.2183,wait,False,,,,,,,,5.3687,,,,7
2025-02-18,3.2183,3.2352,2.9205,3.0652,wait,False,,SELL S1,HIGH,B1,3.006472,3.2352,3.2352,5.3687,,,7.7,7
2025-02-19,3.0653,3.2601,3.0059,3.2182,wait,False,,SELL S1,HIGH,B1,3.006472,3.2601,3.2601,5.3687,,,7.7,7
2025-02-20,3.2182,3.4801,3.1891,3.4508,wait,False,,,,,,,,5.3687,,,,7
2025-02-21,3.4507,3.5699,3.2213,3.2695,wait,False,,,,,,,,5.3687,,,,7
2025-02-22,3.2696,3.4551,3.2516,3.4216,wait,False,,,,,,,,5.3687,,,,7
2025-02-23,3.4216,3.4866,3.2852,3.3782,wait,False,,,,,,,,5.3687,,,,7
2025-02-24,3.3782,3.4496,2.8,2.8304,wait,False,,SELL S1,HIGH,B1,3.006472,3.4496,3.4496,5.3687,,,7.7,7
2025-02-25,2.8304,3.0158,2.6338,2.9577,wait,False,,SELL S1,HIGH,B1,3.006472,3.0158,3.0158,5.3687,,,7.7,7
2025-02-26,2.9577,3.096,2.7434,2.8831,wait,False,,SELL S1,HIGH,B1,3.006472,3.096,3.096,5.3687,,,7.7,7
2025-02-27,2.8832,2.9803,2.7588,2.7888,wait,False,,SELL S1,HIGH,B1,3.006472,2.9803,2.9803,5.3687,,,7.7,6
2025-02-28,2.7889,2.8577,2.5165,2.83,wait,True,2,BUY B2,LOW,B2,2.791724,2.5165,2.791724,5.3687,2.5165,13.558514,17.3,6
2025-03-01,2.8301,2.925,2.7816,2.8194,wait,True,2,,,,,,,5.3687,2.5165,16.232863,17.3,6
2025-03-02,2.8195,3.2513,2.791,3.1935,wait,False,,SELL S2,HIGH,,,3.2513,3.2513,5.3687,,,17.3,7
2025-03-03,3.1935,3.2073,2.5831,2.6179,wait,False,,SELL S1,HIGH,B1,3.006472,3.2073,3.2073,5.3687,,,7.7,7
2025-03-04,2.6181,2.6534,2.2559,2.5262,wait,False,,SELL S1,HIGH,B1,3.006472,2.6534,2.6534,5.3687,,,7.7,5
2025-03-05,2.5261,2.6909,2.4424,2.6332,wait,True,3,BUY B3,LOW,B3,2.469602,2.4424,2.469602,5.3687,2.4424,10.174419,24.4,5
2025-03-06,2.6331,3.0,2.5879,2.7361,wait,True,3,,,,,,,5.3687,2.4424,22.830003,24.4,5
2025-03-07,2.7361,2.8909,2.5613,2.5826,wait,True,3,,,,,,,5.3687,2.4424,18.363085,24.4,5
2025-03-08,2.5827,2.6299,2.4674,2.4834,wait,True,3,,,,,,,5.3687,2.4424,7.676875,24.4,5
2025-03-09,2.4833,2.5251,2.251,2.2898,wait,True,3,,,,,,,5.3687,2.251,12.17681,24.4,5
2025-03-10,2.2899,2.4494,2.0577,2.0888,wait,True,3,,,,,,,5.3687,2.0577,19.035817,24.4,5
2025-03-11,2.089,2.3063,1.9626,2.2288,wait,True,3,,,,,,,5.3687,1.9626,17.512483,24.4,5
2025-03-12,2.2297,2.3762,2.1716,2.2854,wait,True,3,,,,,,,5.3687,1.9626,21.074085,24.4,5
2025-03-13,2.2846,2.343,2.1143,2.1635,wait,True,3,,,,,,,5.3687,1.9626,19.382452,24.4,5
2025-03-14,2.1635,2.3862,2.1592,2.3254,wait,True,3,,,,,,,5.3687,1.9626,21.583614,24.4,5
2025-03-15,2.3249,2.4269,2.3,2.3523,wait,True,3,,,,,,,5.3687,1.9626,23.657393,24.4,5
2025-03-16,2.3523,2.3677,2.2051,2.2314,wait,True,3,,,,,,,5.3687,1.9626,20.640986,24.4,5
2025-03-17,2.2314,2.3815,2.2288,2.379,wait,True,3,,,,,,,5.3687,1.9626,21.344135,24.4,5
2025-03-18,2.379,2.3884,2.2206,2.2847,wait,True,3,,,,,,,5.3687,1.9626,21.69571,24.4,5
2025-03-19,2.2848,2.4867,2.2771,2.4745,wait,False,,SELL S3,HIGH,,,2.4867,2.4867,5.3687,,,24.4,5
2025-03-20,2.4744,2.5014,2.3431,2.3571,wait,True,3,BUY B3,LOW,B3,2.469602,2.3431,2.469602,5.3687,2.3431,6.756007,24.4,5
2025-03-21,2.3567,2.3694,2.2325,2.2527,wait,True,3,,,,,,,5.3687,2.2325,6.132139,24.4,5
2025-03-22,2.2525,2.3089,2.2331,2.2638,wait,True,3,,,,,,,5.3687,2.2325,3.422172,24.4,5
2025-03-23,2.2638,2.3006,2.2358,2.2925,wait,True,3,,,,,,,5.3687,2.2325,3.050392,24.4,5
2025-03-24,2.2926,2.4508,2.2604,2.3975,wait,True,3,,,,,,,5.3687,2.2325,9.778275,24.4,5
2025-03-25,2.3975,2.4843,2.3344,2.4574,wait,True,3,,,,,,,5.3687,2.2325,11.278835,24.4,5
2025-03-26,2.4575,2.6527,2.4391,2.6198,wait,True,3,,,,,,,5.3687,2.2325,18.821948,24.4,5
2025-03-27,2.6196,2.8309,2.6069,2.7811,wait,False,,SELL S3,HIGH,,,2.8309,2.8309,5.3687,,,24.4,6
2025-03-28,2.7808,2.799,2.4698,2.5058,wait,True,2,BUY B2,LOW,B2,2.791724,2.4698,2.791724,5.3687,2.4698,13.329014,17.3,6
2025-03-29,2.5058,2.5458,2.2492,2.3114,wait,True,2,,,,,,,5.3687,2.2492,13.186911,17.3,6
2025-03-30,2.3114,2.4556,2.2804,2.3515,wait,True,2,,,,,,,5.3687,2.2492,9.176596,17.3,6
2025-03-31,2.3518,2.3567,2.1815,2.2674,wait,True,2,,,,,,,5.3687,2.1815,8.031171,17.3,6
2025-04-01,2.2674,2.5279,2.2522,2.4075,wait,True,2,,,,,,,5.3687,2.1815,15.878982,17.3,6
2025-04-02,2.4076,2.55,2.2524,2.3081,wait,True,2,,,,,,,5.3687,2.1815,16.892047,17.3,6
2025-04-03,2.3079,2.4391,2.1821,2.2632,wait,True,2,,,,,,,5.3687,2.1815,11.808389,17.3,6
2025-04-04,2.2635,2.325,2.1285,2.2577,wait,True,2,,,,,,,5.3687,2.1285,9.231853,17.3,6
2025-04-05,2.2577,2.2776,2.1815,2.2163,wait,True,2,,,,,,,5.3687,2.1285,7.004933,17.3,6
2025-04-06,2.2164,2.2244,1.8829,1.9215,wait,False,,SELL S2,HIGH,,,2.2244,2.2244,5.3687,,,17.3,4
2025-04-07,1.9215,2.1,1.7174,2.0191,wait,True,4,BUY B4,LOW,B4,2.201167,1.7174,2.201167,5.3687,1.7174,22.277862,37.4,4
2025-04-08,2.0192,2.1031,1.9239,1.9306,wait,True,4,,,,,,,5.3687,1.7174,22.458367,37.4,4
2025-04-09,1.9306,2.2887,1.8627,2.2217,wait,True,4,,,,,,,5.3687,1.7174,33.265401,37.4,4
2025-04-10,2.2216,2.2304,2.0511,2.1127,wait,True,4,,,,,,,5.3687,1.7174,29.870735,37.4,4
2025-04-11,2.1126,2.2499,2.0966,2.1882,wait,True,4,,,,,,,5.3687,1.7174,31.006172,37.4,4
2025-04-12,2.188,2.3979,2.1575,2.3463,wait,False,,SELL S4,HIGH,,,2.3979,2.3979,5.3687,,,37.4,4
2025-04-13,2.3465,2.4175,2.2032,2.2335,wait,False,,,,,,,,5.3687,,,,4
2025-04-14,2.2335,2.351,2.1724,2.1925,wait,True,4,BUY B4,LOW,B4,2.201167,2.1724,2.201167,5.3687,2.1724,8.221322,37.4,4
2025-04-15,2.1925,2.25,2.0836,2.0889,wait,True,4,,,,,,,5.3687,2.0836,7.986178,37.4,4
2025-04-16,2.0887,2.1356,2.0212,2.0555,wait,True,4,,,,,,,5.3687,2.0212,5.660004,37.4,4
2025-04-17,2.0556,2.1705,2.0437,2.123,wait,True,4,,,,,,,5.3687,2.0212,7.386701,37.4,4
2025-04-18,2.1231,2.1542,2.0951,2.1202,wait,True,4,,,,,,,5.3687,2.0212,6.580249,37.4,4
2025-04-19,2.1203,2.1789,2.1111,2.1549,wait,True,4,,,,,,,5.3687,2.0212,7.802296,37.4,4
2025-04-20,2.155,2.1722,2.0821,2.1135,wait,True,4,,,,,,,5.3687,2.0212,7.470809,37.4,4
2025-04-21,2.1135,2.2852,2.1096,2.1964,wait,True,4,,,,,,,5.3687,2.0212,13.061548,37.4,4
2025-04-22,2.1965,2.7488,2.1679,2.6674,wait,True,4,,,,,,,5.3687,2.0212,35.998417,37.4,4
2025-04-23,2.6672,3.0786,2.6672,2.9662,wait,False,,SELL S4,HIGH,,,3.0786,3.0786,5.3687,,,37.4,7
2025-04-24,2.9656,3.3944,2.895,3.3437,wait,False,,SELL S1,HIGH,B1,3.006472,3.3944,3.3944,5.3687,,,7.7,7
2025-04-25,3.3438,3.8121,3.2736,3.519,wait,False,,,,,,,,3.8121,,,,7
2025-04-26,3.519,3.6491,3.3554,3.5197,wait,False,,,,,,,,3.8121,,,,7
2025-04-27,3.5198,3.6551,3.4235,3.5581,wait,False,,,,,,,,3.8121,,,,7
2025-04-28,3.5579,3.875,3.39,3.5265,wait,False,,,,,,,,3.875,,,,7
2025-04-29,3.5269,3.6349,3.4199,3.5319,wait,False,,,,,,,,3.875,,,,7
2025-04-30,3.5318,3.6036,3.2721,3.5053,wait,False,,,,,,,,3.875,,,,7
2025-05-01,3.5051,3.7666,3.4551,3.5504,wait,False,,,,,,,,3.875,,,,7
2025-05-02,3.5504,3.5717,3.3891,3.4259,wait,False,,,,,,,,3.875,,,,7
2025-05-03,3.4259,3.4637,3.265,3.3351,wait,False,,,,,,,,3.875,,,,7
2025-05-04,3.3353,3.36,3.1548,3.2747,wait,False,,,,,,,,3.875,,,,7
2025-05-05,3.2748,3.4942,3.2109,3.4234,wait,False,,,,,,,,3.875,,,,7
2025-05-06,3.4231,3.4277,3.12,3.3458,wait,False,,,,,,,,3.875,,,,7
2025-05-07,3.3461,3.4467,3.2333,3.3314,wait,False,,,,,,,,3.875,,,,7
2025-05-08,3.3308,4.1,3.3157,4.0335,wait,False,,,,,,,,4.1,,,,7
2025-05-09,4.0332,4.0771,3.8141,3.9504,wait,False,,,,,,,,4.1,,,,7
2025-05-10,3.9503,4.158,3.833,4.1214,wait,False,,,,,,,,4.158,,,,7
2025-05-11,4.1213,4.274,3.8902,4.0175,wait,False,,,,,,,,4.274,,,,7
2025-05-12,4.0176,4.2989,3.808,3.9632,wait,False,,,,,,,,4.2989,,,,7
2025-05-13,3.9632,4.1139,3.815,4.0632,wait,False,,,,,,,,4.2989,,,,7
2025-05-14,4.0631,4.0834,3.8523,3.9152,wait,False,,,,,,,,4.2989,,,,7
2025-05-15,3.9154,3.96,3.6358,3.8486,wait,False,,,,,,,,4.2989,,,,7
2025-05-16,3.8487,3.9513,3.7186,3.7802,wait,False,,,,,,,,4.2989,,,,7
2025-05-17,3.7802,3.863,3.672,3.8018,wait,False,,,,,,,,4.2989,,,,7
2025-05-18,3.8016,4.0051,3.6888,3.9423,wait,False,,,,,,,,4.2989,,,,7
2025-05-19,3.9423,3.9725,3.5842,3.8373,wait,False,,,,,,,,4.2989,,,,7
2025-05-20,3.8375,3.941,3.7802,3.8542,wait,False,,,,,,,,4.2989,,,,7
2025-05-21,3.8543,4.0685,3.7974,3.9286,wait,False,,,,,,,,4.2989,,,,7
2025-05-22,3.9289,4.2,3.6589,3.8898,wait,False,,,,,,,,4.2989,,,,7
2025-05-23,3.8898,3.9599,3.5293,3.5816,wait,False,,,,,,,,4.2989,,,,7
2025-05-24,3.5813,3.6963,3.5666,3.6258,wait,False,,,,,,,,4.2989,,,,7
2025-05-25,3.6258,3.6664,3.4274,3.6005,wait,False,,,,,,,,4.2989,,,,7
2025-05-26,3.6005,3.6615,3.454,3.4899,wait,False,,,,,,,,4.2989,,,,7
2025-05-27,3.49,3.735,3.4041,3.6722,wait,False,,,,,,,,4.2989,,,,7
2025-05-28,3.6722,3.7448,3.4807,3.605,wait,False,,,,,,,,4.2989,,,,7
2025-05-29,3.6052,3.7508,3.5015,3.5254,wait,False,,,,,,,,4.2989,,,,7
2025-05-30,3.5255,3.5508,3.1702,3.1881,wait,False,,,,,,,,4.2989,,,,7
2025-05-31,3.1878,3.3133,3.053,3.2457,wait,False,,,,,,,,4.2989,,,,7
2025-06-01,3.2457,3.3649,3.1857,3.343,wait,False,,,,,,,,4.2989,,,,7
2025-06-02,3.3431,3.3701,3.2237,3.3309,wait,False,,,,,,,,4.2989,,,,7
2025-06-03,3.3308,3.3911,3.2155,3.2512,wait,False,,,,,,,,4.2989,,,,7
2025-06-04,3.2512,3.2923,3.1553,3.1632,wait,False,,,,,,,,4.2989,,,,7
2025-06-05,3.1632,3.23,2.8467,2.9208,wait,False,,,,,,,,4.2989,,,,7
2025-06-06,2.9208,3.2214,2.915,3.1939,wait,False,,,,,,,,4.2989,,,,7
2025-06-07,3.1938,3.3131,3.1702,3.2427,wait,False,,,,,,,,4.2989,,,,7
2025-06-08,3.2427,3.2822,3.179,3.2232,wait,False,,,,,,,,4.2989,,,,7
2025-06-09,3.223,3.4687,3.1828,3.4483,wait,False,,,,,,,,4.2989,,,,7
2025-06-10,3.4484,3.5597,3.3646,3.4928,wait,False,,,,,,,,4.2989,,,,7
2025-06-11,3.4927,3.5285,3.3387,3.3947,wait,False,,,,,,,,4.2989,,,,7
2025-06-12,3.3949,3.3998,3.1832,3.2078,wait,False,,,,,,,,4.2989,,,,7
2025-06-13,3.2078,3.2105,2.9186,3.0758,wait,False,,,,,,,,4.2989,,,,7
2025-06-14,3.0759,3.0774,2.8051,2.947,wait,False,,,,,,,,4.2989,,,,7
2025-06-15,2.9471,3.043,2.9433,3.0233,wait,False,,,,,,,,4.2989,,,,7
2025-06-16,3.0234,3.1589,2.9283,2.9962,wait,False,,,,,,,,4.2989,,,,7
2025-06-17,2.9963,3.0569,2.8028,2.8326,wait,False,,,,,,,,4.2989,,,,7
2025-06-18,2.8326,2.9181,2.68,2.828,wait,False,,,,,,,,4.2989,,,,7
2025-06-19,2.8281,2.8679,2.7842,2.8287,wait,False,,,,,,,,4.2989,,,,7
2025-06-20,2.8288,2.8852,2.65,2.7163,wait,False,,,,,,,,4.2989,,,,7
2025-06-21,2.7164,2.7543,2.4568,2.5689,wait,False,,,,,,,,4.2989,,,,7
2025-06-22,2.5689,2.6164,2.2937,2.4495,wait,False,,SELL S1,HIGH,B1,2.407384,2.6164,2.6164,4.2989,,,7.7,7
2025-06-23,2.4495,2.8562,2.3925,2.8276,wait,False,,SELL S1,HIGH,B1,2.407384,2.8562,2.8562,4.2989,,,7.7,7
2025-06-24,2.8277,2.9131,2.7331,2.7984,wait,False,,,,,,,,4.2989,,,,7
2025-06-25,2.7984,2.8449,2.7026,2.7316,wait,False,,,,,,,,4.2989,,,,7
2025-06-26,2.732,2.8053,2.5501,2.6012,wait,False,,,,,,,,4.2989,,,,7
2025-06-27,2.6013,2.7958,2.5806,2.7213,wait,False,,,,,,,,4.2989,,,,7
2025-06-28,2.7214,2.8439,2.6794,2.8018,wait,False,,,,,,,,4.2989,,,,7
2025-06-29,2.8017,2.9278,2.7686,2.8997,wait,False,,,,,,,,4.2989,,,,7
2025-06-30,2.8997,2.9106,2.7363,2.7769,wait,False,,,,,,,,4.2989,,,,7
2025-07-01,2.777,2.8131,2.6594,2.672,wait,False,,,,,,,,4.2989,,,,7
2025-07-02,2.6721,2.9615,2.6485,2.8986,wait,False,,,,,,,,4.2989,,,,7
2025-07-03,2.8986,3.0897,2.872,3.0224,wait,False,,,,,,,,4.2989,,,,7
2025-07-04,3.0225,3.084,2.7,2.8755,wait,False,,,,,,,,4.2989,,,,7
2025-07-05,2.8755,2.9356,2.8547,2.8987,wait,False,,,,,,,,4.2989,,,,7
2025-07-06,2.8988,2.9686,2.8668,2.9089,wait,False,,,,,,,,4.2989,,,,7
2025-07-07,2.909,2.9515,2.802,2.8579,wait,False,,,,,,,,4.2989,,,,7
2025-07-08,2.858,2.934,2.8261,2.8947,wait,False,,,,,,,,4.2989,,,,7
2025-07-09,2.8947,3.0995,2.8783,3.0726,wait,False,,,,,,,,4.2989,,,,7
2025-07-10,3.0729,3.5013,3.0594,3.4909,wait,False,,,,,,,,4.2989,,,,7
2025-07-11,3.491,3.5719,3.3,3.3868,wait,False,,,,,,,,4.2989,,,,7
2025-07-12,3.3869,3.4745,3.3094,3.4019,wait,False,,,,,,,,4.2989,,,,7
2025-07-13,3.402,3.5411,3.3791,3.4899,wait,False,,,,,,,,4.2989,,,,7
2025-07-14,3.4899,4.0017,3.4878,3.8892,wait,False,,,,,,,,4.2989,,,,7
2025-07-15,3.8892,4.1081,3.81,4.1014,wait,False,,,,,,,,4.2989,,,,7
2025-07-16,4.1015,4.1024,3.9211,3.9424,wait,False,,,,,,,,4.2989,,,,7
2025-07-17,3.9423,4.0786,3.85,4.0077,wait,False,,,,,,,,4.2989,,,,7
2025-07-18,4.0077,4.248,3.6519,3.7819,wait,False,,,,,,,,4.2989,,,,7
2025-07-19,3.7817,3.8556,3.6914,3.8346,wait,False,,,,,,,,4.2989,,,,7
2025-07-20,3.8348,4.0341,3.8082,3.891,wait,False,,,,,,,,4.2989,,,,7
2025-07-21,3.891,4.0948,3.835,3.961,wait,False,,,,,,,,4.2989,,,,7
2025-07-22,3.9611,4.0504,3.8028,4.0093,wait,False,,,,,,,,4.2989,,,,7
2025-07-23,4.0095,4.0264,3.5842,3.7179,wait,False,,,,,,,,4.2989,,,,7
2025-07-24,3.7179,3.8724,3.5125,3.7205,wait,False,,,,,,,,4.2989,,,,7
2025-07-25,3.7207,4.0026,3.5889,3.948,wait,False,,,,,,,,4.2989,,,,7
2025-07-26,3.9481,4.3449,3.9349,4.1595,wait,False,,,,,,,,4.2989,,,,7
2025-07-27,4.1597,4.4289,4.1204,4.326,wait,False,,,,,,,,4.2989,,,,7
2025-07-28,4.326,4.4436,3.8818,3.9084,wait,False,,,,,,,,4.2989,,,,7
2025-07-29,3.9084,4.008,3.751,3.8128,wait,False,,,,,,,,4.2989,,,,7
2025-07-30,3.8128,3.8559,3.62,3.758,wait,False,,,,,,,,4.2989,,,,7
2025-07-31,3.7582,3.9609,3.5896,3.614,wait,False,,,,,,,,4.2989,,,,7
2025-08-01,3.6138,3.6343,3.3543,3.4592,wait,False,,,,,,,,4.2989,,,,7
2025-08-02,3.4591,3.5346,3.2663,3.3344,wait,False,,,,,,,,4.2989,,,,7
2025-08-03,3.3344,3.4832,3.2803,3.4466,wait,False,,,,,,,,4.2989,,,,7
2025-08-04,3.4465,3.6352,3.4082,3.5893,wait,False,,,,,,,,4.2989,,,,7
2025-08-05,3.5892,3.6023,3.3432,3.411,wait,False,,,,,,,,4.2989,,,,7
2025-08-06,3.4111,3.5292,3.3272,3.4986,wait,False,,,,,,,,4.2989,,,,7
2025-08-07,3.4984,3.7947,3.443,3.7894,wait,False,,,,,,,,4.2989,,,,7
2025-08-08,3.7894,3.8852,3.7131,3.8387,wait,False,,,,,,,,4.2989,,,,7
2025-08-09,3.8387,3.9812,3.8265,3.8976,wait,False,,,,,,,,4.2989,,,,7
2025-08-10,3.8977,4.0,3.7804,3.8754,wait,False,,,,,,,,4.2989,,,,7
2025-08-11,3.8752,3.9779,3.6213,3.6535,wait,False,,,,,,,,4.2989,,,,7
2025-08-12,3.6533,3.935,3.6,3.8837,wait,False,,,,,,,,4.2989,,,,7
2025-08-13,3.883,4.0726,3.8152,4.0049,wait,False,,,,,,,,4.2989,,,,7
2025-08-14,4.0047,4.1811,3.6514,3.7548,wait,False,,,,,,,,4.2989,,,,7
2025-08-15,3.7548,3.8816,3.6184,3.711,wait,False,,,,,,,,4.2989,,,,7
2025-08-16,3.7109,3.781,3.6677,3.7734,wait,False,,,,,,,,4.2989,,,,7
2025-08-17,3.7735,3.8946,3.7103,3.7639,wait,False,,,,,,,,4.2989,,,,7
2025-08-18,3.7639,3.776,3.5202,3.6027,wait,False,,,,,,,,4.2989,,,,7
2025-08-19,3.6027,3.6766,3.4146,3.4222,wait,False,,,,,,,,4.2989,,,,7
2025-08-20,3.422,3.5885,3.3798,3.5575,wait,False,,,,,,,,4.2989,,,,7
2025-08-21,3.5577,3.5832,3.3844,3.4129,wait,False,,,,,,,,4.2989,,,,7
2025-08-22,3.4126,3.7796,3.3047,3.7603,wait,False,,,,,,,,4.2989,,,,7
2025-08-23,3.7602,3.805,3.6058,3.7367,wait,False,,,,,,,,4.2989,,,,7
2025-08-24,3.7368,3.8498,3.6014,3.6806,wait,False,,,,,,,,4.2989,,,,7
2025-08-25,3.6806,3.7378,3.3122,3.3404,wait,False,,,,,,,,4.2989,,,,7
2025-08-26,3.3405,3.4912,3.3233,3.453,wait,False,,,,,,,,4.2989,,,,7
2025-08-27,3.4531,3.5204,3.4112,3.437,wait,False,,,,,,,,4.2989,,,,7
2025-08-28,3.4371,3.5294,3.4125,3.4914,wait,False,,,,,,,,4.2989,,,,7
2025-08-29,3.4913,3.4994,3.2106,3.2822,wait,False,,,,,,,,4.2989,,,,7
2025-08-30,3.2823,3.3445,3.2236,3.3065,wait,False,,,,,,,,4.2989,,,,7
2025-08-31,3.3066,3.3505,3.2454,3.2494,wait,False,,,,,,,,4.2989,,,,7
2025-09-01,3.2494,3.339,3.1101,3.2042,wait,False,,,,,,,,4.2989,,,,7
2025-09-02,3.2043,3.3215,3.1908,3.3168,wait,False,,,,,,,,4.2989,,,,7
2025-09-03,3.3169,3.4065,3.2671,3.3876,wait,False,,,,,,,,4.2989,,,,7
2025-09-04,3.3876,3.4005,3.2329,3.2857,wait,False,,,,,,,,4.2989,,,,7
2025-09-05,3.2854,3.4562,3.2742,3.3743,wait,False,,,,,,,,4.2989,,,,7
2025-09-06,3.3743,3.408,3.3135,3.3356,wait,False,,,,,,,,4.2989,,,,7
2025-09-07,3.3357,3.3833,3.3342,3.3719,wait,False,,,,,,,,4.2989,,,,7
