date,open,high,low,close,H,L_now,mode,stage,event,next_buy_level_name,next_buy_level_price,cutoff_price,position,basis,level_name,level_price,trigger_price,fill_price,rebound_from_L_pct,threshold_pct,forbidden_levels_above_last_sell,B1,B2,B3,B4,B5,B6,B7,next_buy_trigger_price
2024-10-18,151.1,158.6,150.3,156.0,302.5,150.3,wait,2,BUY B2,B2,157.3,,True,LOW,B2,157.3,150.3,157.3,,,7,169.4,157.3,139.15,124.025,105.875,84.7,63.525,150.3
2024-10-18,151.1,158.6,150.3,156.0,302.5,150.3,wait,2,,B2,157.3,,True,,,,,,5.522289,17.3,7,169.4,157.3,139.15,124.025,105.875,84.7,63.525,150.3
2024-10-19,156.0,162.5,154.6,161.0,302.5,150.3,wait,2,,B2,157.3,,True,,,,,,8.117099,17.3,7,169.4,157.3,139.15,124.025,105.875,84.7,63.525,154.6
2024-10-20,160.8,169.3,157.3,168.5,302.5,150.3,wait,2,,B2,157.3,,True,,,,,,12.641384,17.3,7,169.4,157.3,139.15,124.025,105.875,84.7,63.525,157.3
2024-10-21,168.5,173.4,161.6,167.3,302.5,150.3,wait,2,,B1,169.4,,True,,,,,,15.369261,17.3,7,169.4,157.3,139.15,124.025,105.875,84.7,63.525,161.6
2024-10-22,167.3,172.6,164.2,169.0,302.5,150.3,wait,2,,B1,169.4,,True,,,,,,14.836993,17.3,7,169.4,157.3,139.15,124.025,105.875,84.7,63.525,164.2
2024-10-23,169.1,175.5,162.9,172.4,302.5,150.3,wait,2,,B1,169.4,,True,,,,,,16.766467,17.3,7,169.4,157.3,139.15,124.025,105.875,84.7,63.525,162.9
2024-10-24,172.3,180.5,170.9,178.5,302.5,150.3,wait,,SELL S,,,176.3019,False,HIGH,,,176.3019,176.3019,,17.3,7,169.4,157.3,139.15,124.025,105.875,84.7,63.525,
2024-10-24,172.3,180.5,170.9,178.5,302.5,150.3,wait,,,B7,63.525,176.3019,False,,,,,,20.093147,17.3,7,169.4,157.3,139.15,124.025,105.875,84.7,63.525,170.9
2024-10-25,178.5,178.9,160.5,165.8,302.5,150.3,wait,1,BUY B1,B1,169.4,176.3019,True,LOW,B1,169.4,160.5,169.4,,,7,169.4,157.3,139.15,124.025,105.875,84.7,63.525,160.5
2024-10-25,178.5,178.9,160.5,165.8,302.5,150.3,wait,,SELL S,,,161.8731,False,HIGH,,,161.8731,161.8731,,7.7,6,169.4,157.3,139.15,124.025,105.875,84.7,63.525,
2024-10-25,178.5,178.9,160.5,165.8,302.5,150.3,wait,,,B7,63.525,161.8731,False,,,,,,19.028609,7.7,6,169.4,157.3,139.15,124.025,105.875,84.7,63.525,160.5
2024-10-26,165.8,174.5,163.6,172.1,302.5,150.3,wait,,,B7,63.525,161.8731,False,,,,,,,,6,169.4,157.3,139.15,124.025,105.875,84.7,63.525,163.6
2024-10-27,172.1,179.8,171.6,178.5,302.5,150.3,wait,,,B7,63.525,161.8731,False,,,,,,,,6,169.4,157.3,139.15,124.025,105.875,84.7,63.525,171.6
2024-10-28,178.1,181.3,174.2,180.1,302.5,150.3,wait,,,B7,63.525,161.8731,False,,,,,,,,6,169.4,157.3,139.15,124.025,105.875,84.7,63.525,174.2
2024-10-29,180.1,185.0,178.1,181.2,302.5,150.3,wait,,,B7,63.525,161.8731,False,,,,,,,,6,169.4,157.3,139.15,124.025,105.875,84.7,63.525,178.1
2024-10-30,181.2,183.0,174.6,176.5,302.5,150.3,wait,,,B7,63.525,161.8731,False,,,,,,,,6,169.4,157.3,139.15,124.025,105.875,84.7,63.525,174.6
2024-10-31,176.5,178.0,169.1,170.5,302.5,150.3,wait,,,B7,63.525,161.8731,False,,,,,,,,6,169.4,157.3,139.15,124.025,105.875,84.7,63.525,169.1
2024-11-01,170.5,175.7,165.1,167.8,302.5,150.3,wait,,,B7,63.525,161.8731,False,,,,,,,,6,169.4,157.3,139.15,124.025,105.875,84.7,63.525,165.1
2024-11-02,167.7,170.3,164.0,168.0,302.5,150.3,wait,,,B7,63.525,161.8731,False,,,,,,,,6,169.4,157.3,139.15,124.025,105.875,84.7,63.525,164.0
2024-11-03,168.0,168.3,159.0,164.2,302.5,150.3,wait,,,B7,63.525,161.8731,False,,,,,,,,6,169.4,157.3,139.15,124.025,105.875,84.7,63.525,159.0
2024-11-04,164.0,166.9,157.0,159.7,302.5,150.3,wait,2,BUY B2,B2,157.3,161.8731,True,LOW,B2,157.3,157.0,157.3,,,6,169.4,157.3,139.15,124.025,105.875,84.7,63.525,157.0
2024-11-04,164.0,166.9,157.0,159.7,302.5,150.3,wait,2,,B2,157.3,161.8731,True,,,,,,11.044578,17.3,6,169.4,157.3,139.15,124.025,105.875,84.7,63.525,157.0
2024-11-05,159.6,171.2,158.5,168.4,302.5,150.3,wait,2,,B7,63.525,161.8731,True,,,,,,13.905522,17.3,6,169.4,157.3,139.15,124.025,105.875,84.7,63.525,158.5
2024-11-06,168.3,191.6,168.3,188.6,302.5,150.3,wait,,SELL S,,,176.3019,False,HIGH,,,176.3019,176.3019,,17.3,7,169.4,157.3,139.15,124.025,105.875,84.7,63.525,
2024-11-06,168.3,191.6,168.3,188.6,302.5,150.3,wait,,,B1,169.4,176.3019,False,,,,,,27.478377,17.3,7,169.4,157.3,139.15,124.025,105.875,84.7,63.525,168.3
2024-11-07,188.6,199.9,187.7,198.3,302.5,150.3,wait,,,B7,63.525,176.3019,False,,,,,,,,7,169.4,157.3,139.15,124.025,105.875,84.7,63.525,187.7
2024-11-08,198.3,207.3,197.7,201.7,302.5,150.3,wait,,,B7,63.525,176.3019,False,,,,,,,,7,169.4,157.3,139.15,124.025,105.875,84.7,63.525,197.7
2024-11-09,202.2,205.4,197.0,202.3,302.5,150.3,wait,,,B7,63.525,176.3019,False,,,,,,,,7,169.4,157.3,139.15,124.025,105.875,84.7,63.525,197.0
2024-11-10,201.9,217.5,201.0,212.2,302.5,150.3,wait,,,B7,63.525,176.3019,False,,,,,,,,7,169.4,157.3,139.15,124.025,105.875,84.7,63.525,201.0
2024-11-11,212.6,225.9,206.5,224.0,302.5,150.3,wait,,,B7,63.525,176.3019,False,,,,,,,,7,169.4,157.3,139.15,124.025,105.875,84.7,63.525,206.5
2024-11-12,224.4,227.6,207.2,214.3,302.5,150.3,wait,,,B7,63.525,176.3019,False,,,,,,,,7,169.4,157.3,139.15,124.025,105.875,84.7,63.525,207.2
2024-11-13,214.3,222.9,203.0,217.6,302.5,150.3,wait,,,B7,63.525,176.3019,False,,,,,,,,7,169.4,157.3,139.15,124.025,105.875,84.7,63.525,203.0
2024-11-14,217.4,225.5,209.2,211.8,302.5,150.3,wait,,,B7,63.525,176.3019,False,,,,,,,,7,169.4,157.3,139.15,124.025,105.875,84.7,63.525,209.2
2024-11-15,211.8,223.3,206.8,221.3,302.5,150.3,wait,,,B7,63.525,176.3019,False,,,,,,,,7,169.4,157.3,139.15,124.025,105.875,84.7,63.525,206.8
2024-11-16,221.2,224.6,216.2,218.3,302.5,150.3,wait,,,B7,63.525,176.3019,False,,,,,,,,7,169.4,157.3,139.15,124.025,105.875,84.7,63.525,216.2
2024-11-17,218.6,245.4,215.0,240.4,302.5,150.3,wait,,,B7,63.525,176.3019,False,,,,,,,,7,169.4,157.3,139.15,124.025,105.875,84.7,63.525,215.0
2024-11-18,240.4,251.8,237.0,243.2,302.5,150.3,wait,,,B7,63.525,176.3019,False,,,,,,,,7,169.4,157.3,139.15,124.025,105.875,84.7,63.525,237.0
2024-11-19,242.6,251.0,237.0,240.6,302.5,150.3,wait,,,B7,63.525,176.3019,False,,,,,,,,7,169.4,157.3,139.15,124.025,105.875,84.7,63.525,237.0
2024-11-20,240.6,246.0,233.6,239.0,302.5,150.3,wait,,,B7,63.525,176.3019,False,,,,,,,,7,169.4,157.3,139.15,124.025,105.875,84.7,63.525,233.6
2024-11-21,238.9,263.7,231.9,260.5,302.5,150.3,wait,,,B7,63.525,176.3019,False,,,,,,,,7,169.4,157.3,139.15,124.025,105.875,84.7,63.525,231.9
2024-11-22,260.4,268.3,255.5,261.0,302.5,150.3,wait,,,B7,63.525,176.3019,False,,,,,,,,7,169.4,157.3,139.15,124.025,105.875,84.7,63.525,255.5
2024-11-23,260.9,267.9,256.1,258.8,302.5,150.3,wait,,,B7,63.525,176.3019,False,,,,,,,,7,169.4,157.3,139.15,124.025,105.875,84.7,63.525,256.1
2024-11-24,258.7,263.6,243.3,257.0,302.5,150.3,wait,,,B7,63.525,176.3019,False,,,,,,,,7,169.4,157.3,139.15,124.025,105.875,84.7,63.525,243.3
2024-11-25,257.0,260.7,234.7,237.7,302.5,150.3,wait,,,B7,63.525,176.3019,False,,,,,,,,7,169.4,157.3,139.15,124.025,105.875,84.7,63.525,234.7
2024-11-26,237.8,243.4,225.1,234.6,302.5,150.3,wait,,,B7,63.525,176.3019,False,,,,,,,,7,169.4,157.3,139.15,124.025,105.875,84.7,63.525,225.1
2024-11-27,234.6,247.1,231.5,246.1,302.5,150.3,wait,,,B7,63.525,176.3019,False,,,,,,,,7,169.4,157.3,139.15,124.025,105.875,84.7,63.525,231.5
2024-11-28,246.1,249.1,236.8,241.6,302.5,150.3,wait,,,B7,63.525,176.3019,False,,,,,,,,7,169.4,157.3,139.15,124.025,105.875,84.7,63.525,236.8
2024-11-29,241.7,250.9,240.5,247.7,302.5,150.3,wait,,,B7,63.525,176.3019,False,,,,,,,,7,169.4,157.3,139.15,124.025,105.875,84.7,63.525,240.5
2024-11-30,247.5,249.6,241.5,241.6,302.5,150.3,wait,,,B7,63.525,176.3019,False,,,,,,,,7,169.4,157.3,139.15,124.025,105.875,84.7,63.525,241.5
2024-12-01,241.6,243.9,238.1,240.8,302.5,150.3,wait,,,B7,63.525,176.3019,False,,,,,,,,7,169.4,157.3,139.15,124.025,105.875,84.7,63.525,238.1
2024-12-02,240.8,242.0,223.8,229.8,302.5,150.3,wait,,,B7,63.525,176.3019,False,,,,,,,,7,169.4,157.3,139.15,124.025,105.875,84.7,63.525,223.8
2024-12-03,229.6,243.9,218.4,238.3,302.5,150.3,wait,,,B7,63.525,176.3019,False,,,,,,,,7,169.4,157.3,139.15,124.025,105.875,84.7,63.525,218.4
2024-12-04,238.3,245.2,228.3,233.2,302.5,150.3,wait,,,B7,63.525,176.3019,False,,,,,,,,7,169.4,157.3,139.15,124.025,105.875,84.7,63.525,228.3
2024-12-05,233.4,249.3,227.1,240.2,302.5,150.3,wait,,,B7,63.525,176.3019,False,,,,,,,,7,169.4,157.3,139.15,124.025,105.875,84.7,63.525,227.1
2024-12-06,240.1,251.4,235.0,241.1,302.5,150.3,wait,,,B7,63.525,176.3019,False,,,,,,,,7,169.4,157.3,139.15,124.025,105.875,84.7,63.525,235.0
2024-12-07,241.1,248.0,238.4,242.6,302.5,150.3,wait,,,B7,63.525,176.3019,False,,,,,,,,7,169.4,157.3,139.15,124.025,105.875,84.7,63.525,238.4
2024-12-08,242.7,246.1,237.6,241.6,302.5,150.3,wait,,,B7,63.525,176.3019,False,,,,,,,,7,169.4,157.3,139.15,124.025,105.875,84.7,63.525,237.6
2024-12-09,241.5,241.8,207.1,220.9,302.5,150.3,wait,,,B7,63.525,176.3019,False,,,,,,,,7,169.4,157.3,139.15,124.025,105.875,84.7,63.525,207.1
2024-12-10,220.8,225.0,207.1,217.8,302.5,150.3,wait,,,B7,63.525,176.3019,False,,,,,,,,7,169.4,157.3,139.15,124.025,105.875,84.7,63.525,207.1
2024-12-11,217.7,235.1,215.3,231.8,302.5,150.3,wait,,,B7,63.525,176.3019,False,,,,,,,,7,169.4,157.3,139.15,124.025,105.875,84.7,63.525,215.3
2024-12-12,231.8,239.3,230.1,231.5,302.5,150.3,wait,,,B7,63.525,176.3019,False,,,,,,,,7,169.4,157.3,139.15,124.025,105.875,84.7,63.525,230.1
2024-12-13,231.6,233.0,225.1,229.5,302.5,150.3,wait,,,B7,63.525,176.3019,False,,,,,,,,7,169.4,157.3,139.15,124.025,105.875,84.7,63.525,225.1
2024-12-14,229.4,233.0,219.7,224.4,302.5,150.3,wait,,,B7,63.525,176.3019,False,,,,,,,,7,169.4,157.3,139.15,124.025,105.875,84.7,63.525,219.7
2024-12-15,224.3,230.3,220.0,229.0,302.5,150.3,wait,,,B7,63.525,176.3019,False,,,,,,,,7,169.4,157.3,139.15,124.025,105.875,84.7,63.525,220.0
2024-12-16,229.4,232.3,217.8,220.5,302.5,150.3,wait,,,B7,63.525,176.3019,False,,,,,,,,7,169.4,157.3,139.15,124.025,105.875,84.7,63.525,217.8
2024-12-17,220.6,233.7,216.0,228.0,302.5,150.3,wait,,,B7,63.525,176.3019,False,,,,,,,,7,169.4,157.3,139.15,124.025,105.875,84.7,63.525,216.0
2024-12-18,228.0,230.9,209.0,210.8,302.5,150.3,wait,,,B7,63.525,176.3019,False,,,,,,,,7,169.4,157.3,139.15,124.025,105.875,84.7,63.525,209.0
2024-12-19,210.7,216.5,190.2,197.4,302.5,150.3,wait,,,B7,63.525,176.3019,False,,,,,,,,7,169.4,157.3,139.15,124.025,105.875,84.7,63.525,190.2
2024-12-20,197.4,203.9,179.0,198.5,302.5,150.3,wait,,,B7,63.525,176.3019,False,,,,,,,,7,169.4,157.3,139.15,124.025,105.875,84.7,63.525,179.0
2024-12-21,198.5,206.2,182.4,185.4,302.5,150.3,wait,,,B7,63.525,176.3019,False,,,,,,,,7,169.4,157.3,139.15,124.025,105.875,84.7,63.525,182.4
2024-12-22,185.7,191.7,180.4,184.4,302.5,150.3,wait,,,B7,63.525,176.3019,False,,,,,,,,7,169.4,157.3,139.15,124.025,105.875,84.7,63.525,180.4
2024-12-23,184.3,198.0,180.3,194.5,302.5,150.3,wait,,,B7,63.525,176.3019,False,,,,,,,,7,169.4,157.3,139.15,124.025,105.875,84.7,63.525,180.3
2024-12-24,194.3,203.6,190.5,201.0,302.5,150.3,wait,,,B7,63.525,176.3019,False,,,,,,,,7,169.4,157.3,139.15,124.025,105.875,84.7,63.525,190.5
2024-12-25,201.1,206.2,199.5,201.7,302.5,150.3,wait,,,B7,63.525,176.3019,False,,,,,,,,7,169.4,157.3,139.15,124.025,105.875,84.7,63.525,199.5
2024-12-26,201.8,204.0,190.9,192.6,302.5,150.3,wait,,,B7,63.525,176.3019,False,,,,,,,,7,169.4,157.3,139.15,124.025,105.875,84.7,63.525,190.9
2024-12-27,192.7,198.6,186.9,188.4,302.5,150.3,wait,,,B7,63.525,176.3019,False,,,,,,,,7,169.4,157.3,139.15,124.025,105.875,84.7,63.525,186.9
2024-12-28,188.5,201.3,188.2,200.1,302.5,150.3,wait,,,B7,63.525,176.3019,False,,,,,,,,7,169.4,157.3,139.15,124.025,105.875,84.7,63.525,188.2
2024-12-29,200.1,202.3,192.9,194.4,302.5,150.3,wait,,,B7,63.525,176.3019,False,,,,,,,,7,169.4,157.3,139.15,124.025,105.875,84.7,63.525,192.9
2024-12-30,194.2,201.0,190.1,195.7,302.5,150.3,wait,,,B7,63.525,176.3019,False,,,,,,,,7,169.4,157.3,139.15,124.025,105.875,84.7,63.525,190.1
2024-12-31,195.7,203.7,192.6,193.9,302.5,150.3,wait,,,B7,63.525,176.3019,False,,,,,,,,7,169.4,157.3,139.15,124.025,105.875,84.7,63.525,192.6
2025-01-01,193.9,200.0,192.4,198.9,302.5,150.3,wait,,,B7,63.525,176.3019,False,,,,,,,,7,169.4,157.3,139.15,124.025,105.875,84.7,63.525,192.4
2025-01-02,199.3,215.4,198.0,212.9,302.5,150.3,wait,,,B7,63.525,176.3019,False,,,,,,,,7,169.4,157.3,139.15,124.025,105.875,84.7,63.525,198.0
2025-01-03,213.1,224.7,210.4,223.2,302.5,150.3,wait,,,B7,63.525,176.3019,False,,,,,,,,7,169.4,157.3,139.15,124.025,105.875,84.7,63.525,210.4
2025-01-04,223.1,223.1,218.3,221.6,302.5,150.3,wait,,,B7,63.525,176.3019,False,,,,,,,,7,169.4,157.3,139.15,124.025,105.875,84.7,63.525,218.3
2025-01-05,221.7,224.1,216.0,218.6,302.5,150.3,wait,,,B7,63.525,176.3019,False,,,,,,,,7,169.4,157.3,139.15,124.025,105.875,84.7,63.525,216.0
2025-01-06,218.9,228.4,216.6,223.6,302.5,150.3,wait,,,B7,63.525,176.3019,False,,,,,,,,7,169.4,157.3,139.15,124.025,105.875,84.7,63.525,216.6
2025-01-07,223.6,223.8,206.6,207.1,302.5,150.3,wait,,,B7,63.525,176.3019,False,,,,,,,,7,169.4,157.3,139.15,124.025,105.875,84.7,63.525,206.6
2025-01-08,207.0,208.5,192.8,202.3,302.5,150.3,wait,,,B7,63.525,176.3019,False,,,,,,,,7,169.4,157.3,139.15,124.025,105.875,84.7,63.525,192.8
2025-01-09,202.1,203.8,186.5,189.6,302.5,150.3,wait,,,B7,63.525,176.3019,False,,,,,,,,7,169.4,157.3,139.15,124.025,105.875,84.7,63.525,186.5
2025-01-10,190.0,197.6,187.7,192.2,302.5,150.3,wait,,,B7,63.525,176.3019,False,,,,,,,,7,169.4,157.3,139.15,124.025,105.875,84.7,63.525,187.7
2025-01-11,192.1,196.5,188.6,192.8,302.5,150.3,wait,,,B7,63.525,176.3019,False,,,,,,,,7,169.4,157.3,139.15,124.025,105.875,84.7,63.525,188.6
2025-01-12,192.8,195.8,189.7,193.4,302.5,150.3,wait,,,B7,63.525,176.3019,False,,,,,,,,7,169.4,157.3,139.15,124.025,105.875,84.7,63.525,189.7
2025-01-13,193.7,196.8,173.1,187.2,302.5,150.3,wait,,,B7,63.525,176.3019,False,,,,,,,,7,169.4,157.3,139.15,124.025,105.875,84.7,63.525,173.1
2025-01-14,187.1,194.8,186.2,192.2,302.5,150.3,wait,,,B7,63.525,176.3019,False,,,,,,,,7,169.4,157.3,139.15,124.025,105.875,84.7,63.525,186.2
2025-01-15,192.5,211.5,190.6,211.2,302.5,150.3,wait,,,B7,63.525,176.3019,False,,,,,,,,7,169.4,157.3,139.15,124.025,105.875,84.7,63.525,190.6
2025-01-16,211.2,222.7,203.7,216.7,302.5,150.3,wait,,,B7,63.525,176.3019,False,,,,,,,,7,169.4,157.3,139.15,124.025,105.875,84.7,63.525,203.7
2025-01-17,217.1,228.1,215.4,225.4,302.5,150.3,wait,,,B7,63.525,176.3019,False,,,,,,,,7,169.4,157.3,139.15,124.025,105.875,84.7,63.525,215.4
2025-01-18,225.4,277.5,223.3,268.7,302.5,150.3,wait,,,B7,63.525,176.3019,False,,,,,,,,7,169.4,157.3,139.15,124.025,105.875,84.7,63.525,223.3
2025-01-19,268.7,302.5,241.8,258.6,302.5,,high,,RESTART_+98.5pct,,,,False,HIGH,,,298.3455,,,,7,169.4,157.3,139.15,124.025,105.875,84.7,63.525,
2025-01-19,268.7,302.5,241.8,258.6,302.5,,high,,RESTART_+98.5pct,B7,63.525,,False,,,,,,,,7,169.4,157.3,139.15,124.025,105.875,84.7,63.525,241.8
2025-01-20,258.7,280.3,235.1,248.4,302.5,,high,,,B7,63.525,,False,,,,,,,,7,169.4,157.3,139.15,124.025,105.875,84.7,63.525,235.1
2025-01-21,248.4,267.3,236.4,257.3,302.5,,high,,,B7,63.525,,False,,,,,,,,7,169.4,157.3,139.15,124.025,105.875,84.7,63.525,236.4
2025-01-22,257.1,279.3,255.4,264.6,302.5,,high,,,B7,63.525,,False,,,,,,,,7,169.4,157.3,139.15,124.025,105.875,84.7,63.525,255.4
2025-01-23,264.4,265.5,249.2,260.7,302.5,,high,,,B7,63.525,,False,,,,,,,,7,169.4,157.3,139.15,124.025,105.875,84.7,63.525,249.2
2025-01-24,260.7,277.8,254.4,260.5,302.5,,high,,,B7,63.525,,False,,,,,,,,7,169.4,157.3,139.15,124.025,105.875,84.7,63.525,254.4
2025-01-25,260.4,268.4,253.7,263.9,302.5,,high,,,B7,63.525,,False,,,,,,,,7,169.4,157.3,139.15,124.025,105.875,84.7,63.525,253.7
2025-01-26,264.0,268.0,247.5,247.6,302.5,,high,,,B7,63.525,,False,,,,,,,,7,169.4,157.3,139.15,124.025,105.875,84.7,63.525,247.5
2025-01-27,247.5,249.8,227.4,242.1,302.5,,high,,,B7,63.525,,False,,,,,,,,7,169.4,157.3,139.15,124.025,105.875,84.7,63.525,227.4
2025-01-28,241.8,253.9,231.7,233.9,302.5,,high,,,B7,63.525,,False,,,,,,,,7,169.4,157.3,139.15,124.025,105.875,84.7,63.525,231.7
2025-01-29,233.7,246.0,229.8,235.1,302.5,,high,,,B7,63.525,,False,,,,,,,,7,169.4,157.3,139.15,124.025,105.875,84.7,63.525,229.8
2025-01-30,235.6,252.3,234.0,246.2,302.5,,high,,,B7,63.525,,False,,,,,,,,7,169.4,157.3,139.15,124.025,105.875,84.7,63.525,234.0
2025-01-31,246.1,249.3,235.5,239.2,302.5,,high,,,B7,63.525,,False,,,,,,,,7,169.4,157.3,139.15,124.025,105.875,84.7,63.525,235.5
2025-02-01,239.2,241.7,219.6,219.6,302.5,,high,,,B7,63.525,,False,,,,,,,,7,169.4,157.3,139.15,124.025,105.875,84.7,63.525,219.6
2025-02-02,219.5,225.4,198.4,209.8,302.5,,high,,,B7,63.525,,False,,,,,,,,7,169.4,157.3,139.15,124.025,105.875,84.7,63.525,198.4
2025-02-03,210.0,225.0,180.0,222.9,302.5,,high,,,B7,63.525,,False,,,,,,,,7,169.4,157.3,139.15,124.025,105.875,84.7,63.525,180.0
2025-02-04,222.8,226.5,208.0,212.9,302.5,,high,,,B7,63.525,,False,,,,,,,,7,169.4,157.3,139.15,124.025,105.875,84.7,63.525,208.0
2025-02-05,213.1,215.8,201.2,202.3,302.5,,high,,,B7,63.525,,False,,,,,,,,7,169.4,157.3,139.15,124.025,105.875,84.7,63.525,201.2
2025-02-06,202.3,210.5,193.2,195.4,302.5,,high,,,B7,63.525,,False,,,,,,,,7,169.4,157.3,139.15,124.025,105.875,84.7,63.525,193.2
2025-02-07,195.4,210.2,194.2,198.6,302.5,,high,,,B7,63.525,,False,,,,,,,,7,169.4,157.3,139.15,124.025,105.875,84.7,63.525,194.2
2025-02-08,198.6,207.3,196.1,206.1,302.5,,high,,,B7,63.525,,False,,,,,,,,7,169.4,157.3,139.15,124.025,105.875,84.7,63.525,196.1
2025-02-09,206.1,214.2,199.4,207.2,302.5,,high,,,B7,63.525,,False,,,,,,,,7,169.4,157.3,139.15,124.025,105.875,84.7,63.525,199.4
2025-02-10,207.2,216.0,202.3,207.0,302.5,,high,,,B7,63.525,,False,,,,,,,,7,169.4,157.3,139.15,124.025,105.875,84.7,63.525,202.3
2025-02-11,206.8,213.1,201.6,204.8,302.5,,high,,,B7,63.525,,False,,,,,,,,7,169.4,157.3,139.15,124.025,105.875,84.7,63.525,201.6
2025-02-12,204.5,205.3,194.8,203.3,302.5,,high,,,B7,63.525,,False,,,,,,,,7,169.4,157.3,139.15,124.025,105.875,84.7,63.525,194.8
2025-02-13,203.1,205.1,195.2,201.1,302.5,,high,,,B7,63.525,,False,,,,,,,,7,169.4,157.3,139.15,124.025,105.875,84.7,63.525,195.2
2025-02-14,201.0,212.2,200.8,206.5,302.5,,high,,,B7,63.525,,False,,,,,,,,7,169.4,157.3,139.15,124.025,105.875,84.7,63.525,200.8
2025-02-15,206.4,207.3,199.2,201.2,302.5,,high,,,B7,63.525,,False,,,,,,,,7,169.4,157.3,139.15,124.025,105.875,84.7,63.525,199.2
2025-02-16,201.1,203.3,192.4,195.1,302.5,,high,,,B7,63.525,,False,,,,,,,,7,169.4,157.3,139.15,124.025,105.875,84.7,63.525,192.4
2025-02-17,194.9,196.1,180.9,183.6,302.5,,high,,,B7,63.525,,False,,,,,,,,7,169.4,157.3,139.15,124.025,105.875,84.7,63.525,180.9
2025-02-18,183.5,185.1,166.6,175.3,302.5,166.6,wait,1,BUY B1,B1,169.4,,True,LOW,B1,169.4,166.6,169.4,,,7,169.4,157.3,139.15,124.025,105.875,84.7,63.525,166.6
2025-02-18,183.5,185.1,166.6,175.3,302.5,166.6,wait,,SELL S,,,179.4282,False,HIGH,,,179.4282,179.4282,,7.7,7,169.4,157.3,139.15,124.025,105.875,84.7,63.525,
2025-02-18,183.5,185.1,166.6,175.3,302.5,166.6,wait,,,B1,169.4,179.4282,False,,,,,,11.104442,7.7,7,169.4,157.3,139.15,124.025,105.875,84.7,63.525,166.6
2025-02-19,175.4,180.4,169.7,175.0,302.5,166.6,wait,,,B7,63.525,179.4282,False,,,,,,,,7,169.4,157.3,139.15,124.025,105.875,84.7,63.525,169.7
2025-02-20,175.0,183.0,173.8,182.3,302.5,166.6,wait,,,B7,63.525,179.4282,False,,,,,,,,7,169.4,157.3,139.15,124.025,105.875,84.7,63.525,173.8
2025-02-21,182.2,187.0,173.0,174.8,302.5,166.6,wait,,,B7,63.525,179.4282,False,,,,,,,,7,169.4,157.3,139.15,124.025,105.875,84.7,63.525,173.0
2025-02-22,174.4,180.9,174.0,178.3,302.5,166.6,wait,,,B7,63.525,179.4282,False,,,,,,,,7,169.4,157.3,139.15,124.025,105.875,84.7,63.525,174.0
2025-02-23,178.3,179.3,172.5,174.2,302.5,166.6,wait,,,B7,63.525,179.4282,False,,,,,,,,7,169.4,157.3,139.15,124.025,105.875,84.7,63.525,172.5
2025-02-24,174.2,175.8,142.5,146.6,302.5,142.5,wait,1,BUY B1,B1,169.4,179.4282,True,LOW,B1,169.4,142.5,169.4,,,7,169.4,157.3,139.15,124.025,105.875,84.7,63.525,142.5
2025-02-24,174.2,175.8,142.5,146.6,302.5,142.5,wait,2,ADD B2,B2,157.3,179.4282,True,LOW,B2,157.3,142.5,157.3,,,7,169.4,157.3,139.15,124.025,105.875,84.7,63.525,142.5
2025-02-24,174.2,175.8,142.5,146.6,302.5,142.5,wait,,SELL S,,,167.1525,False,HIGH,,,167.1525,167.1525,,17.3,6,169.4,157.3,139.15,124.025,105.875,84.7,63.525,
2025-02-24,174.2,175.8,142.5,146.6,302.5,142.5,wait,,,B2,157.3,167.1525,False,,,,,,23.368421,17.3,6,169.4,157.3,139.15,124.025,105.875,84.7,63.525,142.5
2025-02-25,146.6,152.2,136.6,149.4,302.5,136.6,wait,3,BUY B3,B3,139.15,167.1525,True,LOW,B3,139.15,136.6,139.15,,,6,169.4,157.3,139.15,124.025,105.875,84.7,63.525,136.6
2025-02-25,146.6,152.2,136.6,149.4,302.5,136.6,wait,3,,B3,139.15,167.1525,True,,,,,,11.420205,24.4,6,169.4,157.3,139.15,124.025,105.875,84.7,63.525,136.6
2025-02-26,149.7,150.3,135.3,140.1,302.5,135.3,wait,3,,B3,139.15,167.1525,True,,,,,,11.086475,24.4,6,169.4,157.3,139.15,124.025,105.875,84.7,63.525,135.3
2025-02-27,140.1,148.0,139.6,142.6,302.5,135.3,wait,3,,B7,63.525,167.1525,True,,,,,,9.386548,24.4,6,169.4,157.3,139.15,124.025,105.875,84.7,63.525,139.6
2025-02-28,142.8,154.0,129.1,153.6,302.5,129.1,wait,3,,B3,139.15,167.1525,True,,,,,,19.287374,24.4,6,169.4,157.3,139.15,124.025,105.875,84.7,63.525,129.1
2025-03-01,153.4,156.6,143.8,148.8,302.5,129.1,wait,3,,B7,63.525,167.1525,True,,,,,,21.301317,24.4,6,169.4,157.3,139.15,124.025,105.875,84.7,63.525,143.8
2025-03-02,148.9,186.4,145.3,185.2,302.5,129.1,wait,,SELL S,,,160.6004,False,HIGH,,,160.6004,160.6004,,24.4,6,169.4,157.3,139.15,124.025,105.875,84.7,63.525,
2025-03-02,148.9,186.4,145.3,185.2,302.5,129.1,wait,,,B2,157.3,160.6004,False,,,,,,44.384198,24.4,6,169.4,157.3,139.15,124.025,105.875,84.7,63.525,145.3
2025-03-03,185.2,186.0,144.7,147.5,302.5,129.1,wait,2,BUY B2,B2,157.3,160.6004,True,LOW,B2,157.3,144.7,157.3,,,6,169.4,157.3,139.15,124.025,105.875,84.7,63.525,144.7
2025-03-03,185.2,186.0,144.7,147.5,302.5,129.1,wait,,SELL S,,,151.4343,False,HIGH,,,151.4343,151.4343,,17.3,5,169.4,157.3,139.15,124.025,105.875,84.7,63.525,
2025-03-03,185.2,186.0,144.7,147.5,302.5,129.1,wait,,,B7,63.525,151.4343,False,,,,,,44.074361,17.3,5,169.4,157.3,139.15,124.025,105.875,84.7,63.525,144.7
2025-03-04,147.3,152.4,135.8,150.2,302.5,129.1,wait,3,BUY B3,B3,139.15,151.4343,True,LOW,B3,139.15,135.8,139.15,,,5,169.4,157.3,139.15,124.025,105.875,84.7,63.525,135.8
2025-03-04,147.3,152.4,135.8,150.2,302.5,129.1,wait,3,,B3,139.15,151.4343,True,,,,,,18.048025,24.4,5,169.4,157.3,139.15,124.025,105.875,84.7,63.525,135.8
2025-03-05,150.2,155.4,145.6,151.8,302.5,129.1,wait,3,,B7,63.525,151.4343,True,,,,,,20.371805,24.4,5,169.4,157.3,139.15,124.025,105.875,84.7,63.525,145.6
2025-03-06,152.0,158.8,147.8,148.9,302.5,129.1,wait,3,,B7,63.525,151.4343,True,,,,,,23.005422,24.4,5,169.4,157.3,139.15,124.025,105.875,84.7,63.525,147.8
2025-03-07,148.7,156.6,140.2,144.6,302.5,129.1,wait,3,,B7,63.525,151.4343,True,,,,,,21.301317,24.4,5,169.4,157.3,139.15,124.025,105.875,84.7,63.525,140.2
2025-03-08,144.7,146.4,140.6,142.0,302.5,129.1,wait,3,,B7,63.525,151.4343,True,,,,,,13.400465,24.4,5,169.4,157.3,139.15,124.025,105.875,84.7,63.525,140.6
2025-03-09,142.2,145.3,129.9,131.4,302.5,129.1,wait,3,,B3,139.15,151.4343,True,,,,,,12.548412,24.4,5,169.4,157.3,139.15,124.025,105.875,84.7,63.525,129.9
2025-03-10,131.4,136.6,119.4,122.9,302.5,119.4,wait,4,ADD B4,B4,124.025,151.4343,True,LOW,B4,124.025,119.4,124.025,,,5,169.4,157.3,139.15,124.025,105.875,84.7,63.525,119.4
2025-03-10,131.4,136.6,119.4,122.9,302.5,119.4,wait,4,,B4,124.025,151.4343,True,,,,,,14.40536,37.4,5,169.4,157.3,139.15,124.025,105.875,84.7,63.525,119.4
2025-03-11,123.0,133.3,116.4,130.1,302.5,116.4,wait,4,,B4,124.025,151.4343,True,,,,,,14.5189,37.4,5,169.4,157.3,139.15,124.025,105.875,84.7,63.525,116.4
2025-03-12,130.2,136.4,126.0,131.7,302.5,116.4,wait,4,,B7,63.525,151.4343,True,,,,,,17.182131,37.4,5,169.4,157.3,139.15,124.025,105.875,84.7,63.525,126.0
2025-03-13,131.7,133.7,125.6,128.3,302.5,116.4,wait,4,,B7,63.525,151.4343,True,,,,,,14.862543,37.4,5,169.4,157.3,139.15,124.025,105.875,84.7,63.525,125.6
2025-03-14,128.3,141.6,127.9,138.8,302.5,116.4,wait,4,,B3,139.15,151.4343,True,,,,,,21.649485,37.4,5,169.4,157.3,139.15,124.025,105.875,84.7,63.525,127.9
2025-03-15,139.0,142.1,137.8,141.3,302.5,116.4,wait,4,,B3,139.15,151.4343,True,,,,,,22.079038,37.4,5,169.4,157.3,139.15,124.025,105.875,84.7,63.525,137.8
2025-03-16,141.5,142.2,130.3,131.0,302.5,116.4,wait,4,,B3,139.15,151.4343,True,,,,,,22.164948,37.4,5,169.4,157.3,139.15,124.025,105.875,84.7,63.525,130.3
2025-03-17,131.0,136.0,130.9,133.3,302.5,116.4,wait,4,,B7,63.525,151.4343,True,,,,,,16.838488,37.4,5,169.4,157.3,139.15,124.025,105.875,84.7,63.525,130.9
2025-03-18,133.3,133.4,126.9,130.6,302.5,116.4,wait,4,,B7,63.525,151.4343,True,,,,,,14.604811,37.4,5,169.4,157.3,139.15,124.025,105.875,84.7,63.525,126.9
2025-03-19,130.6,141.5,129.4,141.0,302.5,116.4,wait,4,,B3,139.15,151.4343,True,,,,,,21.563574,37.4,5,169.4,157.3,139.15,124.025,105.875,84.7,63.525,129.4
2025-03-20,140.8,141.7,132.0,133.0,302.5,116.4,wait,4,,B3,139.15,151.4343,True,,,,,,21.735395,37.4,5,169.4,157.3,139.15,124.025,105.875,84.7,63.525,132.0
2025-03-21,132.8,135.8,130.2,134.1,302.5,116.4,wait,4,,B7,63.525,151.4343,True,,,,,,16.666667,37.4,5,169.4,157.3,139.15,124.025,105.875,84.7,63.525,130.2
2025-03-22,133.9,137.5,133.4,134.0,302.5,116.4,wait,4,,B7,63.525,151.4343,True,,,,,,18.127148,37.4,5,169.4,157.3,139.15,124.025,105.875,84.7,63.525,133.4
2025-03-23,134.0,139.9,133.7,138.5,302.5,116.4,wait,4,,B3,139.15,151.4343,True,,,,,,20.189003,37.4,5,169.4,157.3,139.15,124.025,105.875,84.7,63.525,133.7
2025-03-24,138.6,151.2,137.8,147.2,302.5,116.4,wait,4,,B3,139.15,151.4343,True,,,,,,29.896907,37.4,5,169.4,157.3,139.15,124.025,105.875,84.7,63.525,137.8
2025-03-25,147.1,153.9,144.2,150.0,302.5,116.4,wait,4,,B7,63.525,151.4343,True,,,,,,32.216495,37.4,5,169.4,157.3,139.15,124.025,105.875,84.7,63.525,144.2
2025-03-26,149.8,151.8,141.8,143.4,302.5,116.4,wait,4,,B7,63.525,151.4343,True,,,,,,30.412371,37.4,5,169.4,157.3,139.15,124.025,105.875,84.7,63.525,141.8
2025-03-27,143.3,146.1,141.6,144.4,302.5,116.4,wait,4,,B7,63.525,151.4343,True,,,,,,25.515464,37.4,5,169.4,157.3,139.15,124.025,105.875,84.7,63.525,141.6
2025-03-28,144.2,145.1,133.4,135.3,302.5,116.4,wait,4,,B3,139.15,151.4343,True,,,,,,24.656357,37.4,5,169.4,157.3,139.15,124.025,105.875,84.7,63.525,133.4
2025-03-29,135.3,136.3,128.0,130.0,302.5,116.4,wait,4,,B7,63.525,151.4343,True,,,,,,17.09622,37.4,5,169.4,157.3,139.15,124.025,105.875,84.7,63.525,128.0
2025-03-30,130.1,132.3,128.1,130.1,302.5,116.4,wait,4,,B7,63.525,151.4343,True,,,,,,13.659794,37.4,5,169.4,157.3,139.15,124.025,105.875,84.7,63.525,128.1
2025-03-31,130.1,133.2,127.9,129.8,302.5,116.4,wait,4,,B7,63.525,151.4343,True,,,,,,14.43299,37.4,5,169.4,157.3,139.15,124.025,105.875,84.7,63.525,127.9
2025-04-01,129.8,136.0,129.2,132.1,302.5,116.4,wait,4,,B7,63.525,151.4343,True,,,,,,16.838488,37.4,5,169.4,157.3,139.15,124.025,105.875,84.7,63.525,129.2
2025-04-02,131.9,141.9,122.3,122.4,302.5,116.4,wait,4,,B3,139.15,151.4343,True,,,,,,21.907216,37.4,5,169.4,157.3,139.15,124.025,105.875,84.7,63.525,122.3
2025-04-03,122.4,126.2,117.1,122.0,302.5,116.4,wait,4,,B4,124.025,151.4343,True,,,,,,8.419244,37.4,5,169.4,157.3,139.15,124.025,105.875,84.7,63.525,117.1
2025-04-04,122.0,129.4,117.9,128.0,302.5,116.4,wait,4,,B4,124.025,151.4343,True,,,,,,11.168385,37.4,5,169.4,157.3,139.15,124.025,105.875,84.7,63.525,117.9
2025-04-05,128.0,132.2,122.3,125.6,302.5,116.4,wait,4,,B4,124.025,151.4343,True,,,,,,13.573883,37.4,5,169.4,157.3,139.15,124.025,105.875,84.7,63.525,122.3
2025-04-06,125.5,126.3,108.3,110.4,302.5,108.3,wait,4,,B4,124.025,151.4343,True,,,,,,16.620499,37.4,5,169.4,157.3,139.15,124.025,105.875,84.7,63.525,108.3
2025-04-07,110.3,118.0,99.3,111.7,302.5,99.3,wait,5,ADD B5,B5,105.875,151.4343,True,LOW,B5,105.875,99.3,105.875,,,5,169.4,157.3,139.15,124.025,105.875,84.7,63.525,99.3
2025-04-07,110.3,118.0,99.3,111.7,302.5,99.3,wait,5,,B5,105.875,151.4343,True,,,,,,18.831823,52.7,5,169.4,157.3,139.15,124.025,105.875,84.7,63.525,99.3
2025-04-08,111.6,117.4,107.4,109.8,302.5,99.3,wait,5,,B7,63.525,151.4343,True,,,,,,18.227593,52.7,5,169.4,157.3,139.15,124.025,105.875,84.7,63.525,107.4
2025-04-09,109.8,126.0,105.6,124.4,302.5,99.3,wait,5,,B4,124.025,151.4343,True,,,,,,26.888218,52.7,5,169.4,157.3,139.15,124.025,105.875,84.7,63.525,105.6
2025-04-10,124.3,124.6,113.1,117.8,302.5,99.3,wait,5,,B4,124.025,151.4343,True,,,,,,25.478348,52.7,5,169.4,157.3,139.15,124.025,105.875,84.7,63.525,113.1
2025-04-11,117.8,128.2,117.0,126.8,302.5,99.3,wait,5,,B4,124.025,151.4343,True,,,,,,29.103726,52.7,5,169.4,157.3,139.15,124.025,105.875,84.7,63.525,117.0
2025-04-12,126.8,140.0,124.8,138.2,302.5,99.3,wait,5,,B3,139.15,151.4343,True,,,,,,40.986908,52.7,5,169.4,157.3,139.15,124.025,105.875,84.7,63.525,124.8
2025-04-13,138.0,140.0,131.0,134.2,302.5,99.3,wait,5,,B3,139.15,151.4343,True,,,,,,40.986908,52.7,5,169.4,157.3,139.15,124.025,105.875,84.7,63.525,131.0
2025-04-14,134.1,142.2,133.8,135.1,302.5,99.3,wait,5,,B3,139.15,151.4343,True,,,,,,43.202417,52.7,5,169.4,157.3,139.15,124.025,105.875,84.7,63.525,133.8
2025-04-15,135.2,140.3,131.8,132.1,302.5,99.3,wait,5,,B3,139.15,151.4343,True,,,,,,41.289023,52.7,5,169.4,157.3,139.15,124.025,105.875,84.7,63.525,131.8
2025-04-16,131.8,140.0,129.3,137.3,302.5,99.3,wait,5,,B3,139.15,151.4343,True,,,,,,40.986908,52.7,5,169.4,157.3,139.15,124.025,105.875,84.7,63.525,129.3
2025-04-17,137.3,142.3,135.6,141.1,302.5,99.3,wait,5,,B3,139.15,151.4343,True,,,,,,43.303122,52.7,5,169.4,157.3,139.15,124.025,105.875,84.7,63.525,135.6
2025-04-18,140.9,142.3,138.6,140.5,302.5,99.3,wait,5,,B3,139.15,151.4343,True,,,,,,43.303122,52.7,5,169.4,157.3,139.15,124.025,105.875,84.7,63.525,138.6
2025-04-19,140.3,146.9,139.9,146.1,302.5,99.3,wait,5,,B7,63.525,151.4343,True,,,,,,47.935549,52.7,5,169.4,157.3,139.15,124.025,105.875,84.7,63.525,139.9
2025-04-20,146.3,148.5,141.9,144.2,302.5,99.3,wait,5,,B7,63.525,151.4343,True,,,,,,49.546828,52.7,5,169.4,157.3,139.15,124.025,105.875,84.7,63.525,141.9
2025-04-21,144.2,149.8,139.9,142.9,302.5,99.3,wait,5,,B7,63.525,151.4343,True,,,,,,50.855992,52.7,5,169.4,157.3,139.15,124.025,105.875,84.7,63.525,139.9
2025-04-22,142.8,157.1,140.8,155.6,302.5,99.3,wait,,SELL S,,,151.6311,False,HIGH,,,151.6311,151.6311,,52.7,5,169.4,157.3,139.15,124.025,105.875,84.7,63.525,
2025-04-22,142.8,157.1,140.8,155.6,302.5,99.3,wait,,,B7,63.525,151.6311,False,,,,,,58.207452,52.7,5,169.4,157.3,139.15,124.025,105.875,84.7,63.525,140.8
2025-04-23,155.7,161.3,153.0,158.1,302.5,99.3,wait,,,B7,63.525,151.6311,False,,,,,,,,5,169.4,157.3,139.15,124.025,105.875,84.7,63.525,153.0
2025-04-24,158.0,159.9,151.7,159.6,302.5,99.3,wait,,,B7,63.525,151.6311,False,,,,,,,,5,169.4,157.3,139.15,124.025,105.875,84.7,63.525,151.7
2025-04-25,159.6,164.4,156.9,157.9,302.5,99.3,wait,,,B7,63.525,151.6311,False,,,,,,,,5,169.4,157.3,139.15,124.025,105.875,84.7,63.525,156.9
2025-04-26,157.8,160.3,154.6,156.3,302.5,99.3,wait,,,B7,63.525,151.6311,False,,,,,,,,5,169.4,157.3,139.15,124.025,105.875,84.7,63.525,154.6
2025-04-27,156.2,157.4,152.3,155.1,302.5,99.3,wait,,,B7,63.525,151.6311,False,,,,,,,,5,169.4,157.3,139.15,124.025,105.875,84.7,63.525,152.3
2025-04-28,154.9,160.6,151.5,154.8,302.5,99.3,wait,,,B7,63.525,151.6311,False,,,,,,,,5,169.4,157.3,139.15,124.025,105.875,84.7,63.525,151.5
2025-04-29,154.9,157.4,151.8,153.5,302.5,99.3,wait,,,B7,63.525,151.6311,False,,,,,,,,5,169.4,157.3,139.15,124.025,105.875,84.7,63.525,151.8
2025-04-30,153.3,155.8,147.1,154.6,302.5,99.3,wait,,,B7,63.525,151.6311,False,,,,,,,,5,169.4,157.3,139.15,124.025,105.875,84.7,63.525,147.1
2025-05-01,154.5,161.3,154.5,158.2,302.5,99.3,wait,,,B7,63.525,151.6311,False,,,,,,,,5,169.4,157.3,139.15,124.025,105.875,84.7,63.525,154.5
2025-05-02,158.1,159.2,154.2,155.0,302.5,99.3,wait,,,B7,63.525,151.6311,False,,,,,,,,5,169.4,157.3,139.15,124.025,105.875,84.7,63.525,154.2
2025-05-03,155.0,156.3,153.0,153.8,302.5,99.3,wait,,,B7,63.525,151.6311,False,,,,,,,,5,169.4,157.3,139.15,124.025,105.875,84.7,63.525,153.0
2025-05-04,153.8,155.0,150.7,151.0,302.5,99.3,wait,,,B7,63.525,151.6311,False,,,,,,,,5,169.4,157.3,139.15,124.025,105.875,84.7,63.525,150.7
2025-05-05,151.0,154.9,149.5,153.8,302.5,99.3,wait,,,B7,63.525,151.6311,False,,,,,,,,5,169.4,157.3,139.15,124.025,105.875,84.7,63.525,149.5
2025-05-06,153.8,154.4,148.5,154.1,302.5,99.3,wait,,,B7,63.525,151.6311,False,,,,,,,,5,169.4,157.3,139.15,124.025,105.875,84.7,63.525,148.5
2025-05-07,154.0,156.9,151.9,154.6,302.5,99.3,wait,,,B7,63.525,151.6311,False,,,,,,,,5,169.4,157.3,139.15,124.025,105.875,84.7,63.525,151.9
2025-05-08,154.6,172.4,154.3,172.4,302.5,99.3,wait,,,B7,63.525,151.6311,False,,,,,,,,5,169.4,157.3,139.15,124.025,105.875,84.7,63.525,154.3
2025-05-09,172.2,184.7,169.0,181.4,302.5,99.3,wait,,,B7,63.525,151.6311,False,,,,,,,,5,169.4,157.3,139.15,124.025,105.875,84.7,63.525,169.0
2025-05-10,181.3,187.7,176.7,186.6,302.5,99.3,wait,,,B7,63.525,151.6311,False,,,,,,,,5,169.4,157.3,139.15,124.025,105.875,84.7,63.525,176.7
2025-05-11,186.5,189.0,177.1,181.8,302.5,99.3,wait,,,B7,63.525,151.6311,False,,,,,,,,5,169.4,157.3,139.15,124.025,105.875,84.7,63.525,177.1
2025-05-12,181.9,190.4,176.8,182.8,302.5,99.3,wait,,,B7,63.525,151.6311,False,,,,,,,,5,169.4,157.3,139.15,124.025,105.875,84.7,63.525,176.8
2025-05-13,182.8,194.0,174.5,193.1,302.5,99.3,wait,,,B7,63.525,151.6311,False,,,,,,,,5,169.4,157.3,139.15,124.025,105.875,84.7,63.525,174.5
2025-05-14,193.0,194.1,182.0,185.7,302.5,99.3,wait,,,B7,63.525,151.6311,False,,,,,,,,5,169.4,157.3,139.15,124.025,105.875,84.7,63.525,182.0
2025-05-15,185.5,187.3,175.4,177.7,302.5,99.3,wait,,,B7,63.525,151.6311,False,,,,,,,,5,169.4,157.3,139.15,124.025,105.875,84.7,63.525,175.4
2025-05-16,177.7,183.1,175.2,176.1,302.5,99.3,wait,,,B7,63.525,151.6311,False,,,,,,,,5,169.4,157.3,139.15,124.025,105.875,84.7,63.525,175.2
2025-05-17,176.0,178.9,172.6,174.4,302.5,99.3,wait,,,B7,63.525,151.6311,False,,,,,,,,5,169.4,157.3,139.15,124.025,105.875,84.7,63.525,172.6
2025-05-18,174.5,186.0,173.3,182.4,302.5,99.3,wait,,,B7,63.525,151.6311,False,,,,,,,,5,169.4,157.3,139.15,124.025,105.875,84.7,63.525,173.3
2025-05-19,182.4,182.8,167.9,175.5,302.5,99.3,wait,,,B7,63.525,151.6311,False,,,,,,,,5,169.4,157.3,139.15,124.025,105.875,84.7,63.525,167.9
2025-05-20,175.5,182.1,173.1,177.1,302.5,99.3,wait,,,B7,63.525,151.6311,False,,,,,,,,5,169.4,157.3,139.15,124.025,105.875,84.7,63.525,173.1
2025-05-21,177.1,185.0,174.2,182.5,302.5,99.3,wait,,,B7,63.525,151.6311,False,,,,,,,,5,169.4,157.3,139.15,124.025,105.875,84.7,63.525,174.2
2025-05-22,182.9,190.6,181.9,189.5,302.5,99.3,wait,,,B7,63.525,151.6311,False,,,,,,,,5,169.4,157.3,139.15,124.025,105.875,84.7,63.525,181.9
2025-05-23,189.3,197.5,181.6,183.1,302.5,,high,,RESTART_+98.5pct,,,,False,HIGH,,,197.1105,,,,7,169.4,157.3,139.15,124.025,105.875,84.7,63.525,
2025-05-23,189.3,197.5,181.6,183.1,302.5,,high,,RESTART_+98.5pct,B7,63.525,,False,,,,,,,,7,169.4,157.3,139.15,124.025,105.875,84.7,63.525,181.6
2025-05-24,183.7,187.8,181.9,185.3,302.5,,high,,,B7,63.525,,False,,,,,,,,7,169.4,157.3,139.15,124.025,105.875,84.7,63.525,181.9
2025-05-25,185.2,186.4,178.2,184.9,302.5,,high,,,B7,63.525,,False,,,,,,,,7,169.4,157.3,139.15,124.025,105.875,84.7,63.525,178.2
2025-05-26,185.2,188.6,182.9,184.4,302.5,,high,,,B7,63.525,,False,,,,,,,,7,169.4,157.3,139.15,124.025,105.875,84.7,63.525,182.9
2025-05-27,184.3,189.0,180.4,186.4,302.5,,high,,,B7,63.525,,False,,,,,,,,7,169.4,157.3,139.15,124.025,105.875,84.7,63.525,180.4
2025-05-28,186.1,187.0,178.1,181.4,302.5,,high,,,B7,63.525,,False,,,,,,,,7,169.4,157.3,139.15,124.025,105.875,84.7,63.525,178.1
2025-05-29,181.5,184.8,174.9,175.6,302.5,,high,,,B7,63.525,,False,,,,,,,,7,169.4,157.3,139.15,124.025,105.875,84.7,63.525,174.9
2025-05-30,175.5,176.5,163.7,164.6,302.5,163.7,wait,1,BUY B1,B1,169.4,,True,LOW,B1,169.4,163.7,169.4,,,7,169.4,157.3,139.15,124.025,105.875,84.7,63.525,163.7
2025-05-30,175.5,176.5,163.7,164.6,302.5,163.7,wait,,SELL S,,,176.3049,False,HIGH,,,176.3049,176.3049,,7.7,7,169.4,157.3,139.15,124.025,105.875,84.7,63.525,
2025-05-30,175.5,176.5,163.7,164.6,302.5,163.7,wait,,,B1,169.4,176.3049,False,,,,,,7.819181,7.7,7,169.4,157.3,139.15,124.025,105.875,84.7,63.525,163.7
2025-05-31,164.6,166.6,160.4,165.0,302.5,160.4,wait,,,B7,63.525,176.3049,False,,,,,,,,7,169.4,157.3,139.15,124.025,105.875,84.7,63.525,160.4
2025-06-01,164.9,166.5,157.8,166.3,302.5,157.8,wait,,,B7,63.525,176.3049,False,,,,,,,,7,169.4,157.3,139.15,124.025,105.875,84.7,63.525,157.8
2025-06-02,166.2,167.6,160.1,165.4,302.5,157.8,wait,,,B7,63.525,176.3049,False,,,,,,,,7,169.4,157.3,139.15,124.025,105.875,84.7,63.525,160.1
2025-06-03,165.4,172.4,162.8,163.8,302.5,157.8,wait,1,BUY B1,B1,169.4,176.3049,True,LOW,B1,169.4,162.8,169.4,,,7,169.4,157.3,139.15,124.025,105.875,84.7,63.525,162.8
2025-06-03,165.4,172.4,162.8,163.8,302.5,157.8,wait,,SELL S,,,169.9506,False,HIGH,,,169.9506,169.9506,,7.7,7,169.4,157.3,139.15,124.025,105.875,84.7,63.525,
2025-06-03,165.4,172.4,162.8,163.8,302.5,157.8,wait,,,B1,169.4,169.9506,False,,,,,,9.252218,7.7,7,169.4,157.3,139.15,124.025,105.875,84.7,63.525,162.8
2025-06-04,163.8,166.5,161.5,161.5,302.5,157.8,wait,,,B7,63.525,169.9506,False,,,,,,,,7,169.4,157.3,139.15,124.025,105.875,84.7,63.525,161.5
2025-06-05,161.7,163.0,149.2,152.0,302.5,149.2,wait,2,BUY B2,B2,157.3,169.9506,True,LOW,B2,157.3,149.2,157.3,,,7,169.4,157.3,139.15,124.025,105.875,84.7,63.525,149.2
2025-06-05,161.7,163.0,149.2,152.0,302.5,149.2,wait,2,,B2,157.3,169.9506,True,,,,,,9.24933,17.3,7,169.4,157.3,139.15,124.025,105.875,84.7,63.525,149.2
2025-06-06,151.8,160.5,151.8,155.8,302.5,149.2,wait,2,,B2,157.3,169.9506,True,,,,,,7.573727,17.3,7,169.4,157.3,139.15,124.025,105.875,84.7,63.525,151.8
2025-06-07,155.8,161.1,154.9,158.3,302.5,149.2,wait,2,,B2,157.3,169.9506,True,,,,,,7.975871,17.3,7,169.4,157.3,139.15,124.025,105.875,84.7,63.525,154.9
2025-06-08,158.2,163.7,155.9,160.7,302.5,149.2,wait,2,,B2,157.3,169.9506,True,,,,,,9.718499,17.3,7,169.4,157.3,139.15,124.025,105.875,84.7,63.525,155.9
2025-06-09,160.8,170.7,157.9,170.1,302.5,149.2,wait,2,,B1,169.4,169.9506,True,,,,,,14.410188,17.3,7,169.4,157.3,139.15,124.025,105.875,84.7,63.525,157.9
2025-06-10,170.2,174.8,165.0,174.2,302.5,149.2,wait,2,,B1,169.4,169.9506,True,,,,,,17.158177,17.3,7,169.4,157.3,139.15,124.025,105.875,84.7,63.525,165.0
2025-06-11,174.2,177.7,168.1,170.1,302.5,149.2,wait,,SELL S,,,175.0116,False,HIGH,,,175.0116,175.0116,,17.3,7,169.4,157.3,139.15,124.025,105.875,84.7,63.525,
2025-06-11,174.2,177.7,168.1,170.1,302.5,149.2,wait,,,B1,169.4,175.0116,False,,,,,,19.101877,17.3,7,169.4,157.3,139.15,124.025,105.875,84.7,63.525,168.1
2025-06-12,169.8,170.3,160.5,161.4,302.5,149.2,wait,1,BUY B1,B1,169.4,175.0116,True,LOW,B1,169.4,160.5,169.4,,,7,169.4,157.3,139.15,124.025,105.875,84.7,63.525,160.5
2025-06-12,169.8,170.3,160.5,161.4,302.5,149.2,wait,,SELL S,,,160.6884,False,HIGH,,,160.6884,160.6884,,7.7,6,169.4,157.3,139.15,124.025,105.875,84.7,63.525,
2025-06-12,169.8,170.3,160.5,161.4,302.5,149.2,wait,,,B7,63.525,160.6884,False,,,,,,14.142091,7.7,6,169.4,157.3,139.15,124.025,105.875,84.7,63.525,160.5
2025-06-13,161.0,161.1,148.7,157.0,302.5,148.7,wait,2,BUY B2,B2,157.3,160.6884,True,LOW,B2,157.3,148.7,157.3,,,6,169.4,157.3,139.15,124.025,105.875,84.7,63.525,148.7
2025-06-13,161.0,161.1,148.7,157.0,302.5,148.7,wait,2,,B2,157.3,160.6884,True,,,,,,8.338937,17.3,6,169.4,157.3,139.15,124.025,105.875,84.7,63.525,148.7
2025-06-14,156.7,157.0,150.2,152.8,302.5,148.7,wait,2,,B7,63.525,160.6884,True,,,,,,5.581708,17.3,6,169.4,157.3,139.15,124.025,105.875,84.7,63.525,150.2
2025-06-15,152.9,162.2,152.3,161.7,302.5,148.7,wait,2,,B2,157.3,160.6884,True,,,,,,9.078682,17.3,6,169.4,157.3,139.15,124.025,105.875,84.7,63.525,152.3
2025-06-16,161.5,167.7,159.0,159.3,302.5,148.7,wait,2,,B7,63.525,160.6884,True,,,,,,12.777404,17.3,6,169.4,157.3,139.15,124.025,105.875,84.7,63.525,159.0
2025-06-17,159.1,163.1,154.1,156.2,302.5,148.7,wait,2,,B2,157.3,160.6884,True,,,,,,9.683927,17.3,6,169.4,157.3,139.15,124.025,105.875,84.7,63.525,154.1
2025-06-18,156.2,157.9,152.2,154.9,302.5,148.7,wait,2,,B2,157.3,160.6884,True,,,,,,6.186954,17.3,6,169.4,157.3,139.15,124.025,105.875,84.7,63.525,152.2
2025-06-19,154.8,156.5,151.2,155.5,302.5,148.7,wait,2,,B7,63.525,160.6884,True,,,,,,5.245461,17.3,6,169.4,157.3,139.15,124.025,105.875,84.7,63.525,151.2
2025-06-20,155.6,157.4,143.8,148.3,302.5,143.8,wait,2,,B2,157.3,160.6884,True,,,,,,9.45758,17.3,6,169.4,157.3,139.15,124.025,105.875,84.7,63.525,143.8
2025-06-21,148.3,150.8,138.6,143.4,302.5,138.6,wait,3,ADD B3,B3,139.15,160.6884,True,LOW,B3,139.15,138.6,139.15,,,6,169.4,157.3,139.15,124.025,105.875,84.7,63.525,138.6
2025-06-21,148.3,150.8,138.6,143.4,302.5,138.6,wait,3,,B3,139.15,160.6884,True,,,,,,8.802309,24.4,6,169.4,157.3,139.15,124.025,105.875,84.7,63.525,138.6
2025-06-22,143.6,145.4,133.3,139.2,302.5,133.3,wait,3,,B3,139.15,160.6884,True,,,,,,9.077269,24.4,6,169.4,157.3,139.15,124.025,105.875,84.7,63.525,133.3
2025-06-23,139.4,155.3,138.3,152.7,302.5,133.3,wait,3,,B3,139.15,160.6884,True,,,,,,16.504126,24.4,6,169.4,157.3,139.15,124.025,105.875,84.7,63.525,138.3
2025-06-24,152.7,155.3,150.6,154.2,302.5,133.3,wait,3,,B7,63.525,160.6884,True,,,,,,16.504126,24.4,6,169.4,157.3,139.15,124.025,105.875,84.7,63.525,150.6
2025-06-25,154.3,156.7,150.6,152.0,302.5,133.3,wait,3,,B7,63.525,160.6884,True,,,,,,17.554389,24.4,6,169.4,157.3,139.15,124.025,105.875,84.7,63.525,150.6
2025-06-26,152.0,156.7,146.9,147.1,302.5,133.3,wait,3,,B7,63.525,160.6884,True,,,,,,17.554389,24.4,6,169.4,157.3,139.15,124.025,105.875,84.7,63.525,146.9
2025-06-27,147.2,153.4,145.3,150.5,302.5,133.3,wait,3,,B7,63.525,160.6884,True,,,,,,15.07877,24.4,6,169.4,157.3,139.15,124.025,105.875,84.7,63.525,145.3
2025-06-28,150.6,161.7,149.7,159.8,302.5,133.3,wait,3,,B2,157.3,160.6884,True,,,,,,21.305326,24.4,6,169.4,157.3,139.15,124.025,105.875,84.7,63.525,149.7
2025-06-29,160.0,164.1,158.3,162.5,302.5,133.3,wait,3,,B7,63.525,160.6884,True,,,,,,23.105776,24.4,6,169.4,157.3,139.15,124.025,105.875,84.7,63.525,158.3
2025-06-30,162.5,169.5,158.6,164.1,302.5,133.3,wait,,SELL S,,,165.8252,False,HIGH,,,165.8252,165.8252,,24.4,6,169.4,157.3,139.15,124.025,105.875,84.7,63.525,
2025-06-30,162.5,169.5,158.6,164.1,302.5,133.3,wait,,,B7,63.525,165.8252,False,,,,,,27.156789,24.4,6,169.4,157.3,139.15,124.025,105.875,84.7,63.525,158.6
2025-07-01,164.2,164.9,153.7,155.7,302.5,133.3,wait,2,BUY B2,B2,157.3,165.8252,True,LOW,B2,157.3,153.7,157.3,,,6,169.4,157.3,139.15,124.025,105.875,84.7,63.525,153.7
2025-07-01,164.2,164.9,153.7,155.7,302.5,133.3,wait,,SELL S,,,156.3609,False,HIGH,,,156.3609,156.3609,,17.3,5,169.4,157.3,139.15,124.025,105.875,84.7,63.525,
2025-07-01,164.2,164.9,153.7,155.7,302.5,133.3,wait,,,B7,63.525,156.3609,False,,,,,,23.705926,17.3,5,169.4,157.3,139.15,124.025,105.875,84.7,63.525,153.7
2025-07-02,155.7,163.7,154.7,161.5,302.5,133.3,wait,,,B7,63.525,156.3609,False,,,,,,,,5,169.4,157.3,139.15,124.025,105.875,84.7,63.525,154.7
2025-07-03,161.6,165.7,158.9,161.3,302.5,133.3,wait,,,B7,63.525,156.3609,False,,,,,,,,5,169.4,157.3,139.15,124.025,105.875,84.7,63.525,158.9
2025-07-04,161.4,163.1,153.2,156.4,302.5,133.3,wait,,,B7,63.525,156.3609,False,,,,,,,,5,169.4,157.3,139.15,124.025,105.875,84.7,63.525,153.2
2025-07-05,156.4,157.7,154.8,156.5,302.5,133.3,wait,,,B7,63.525,156.3609,False,,,,,,,,5,169.4,157.3,139.15,124.025,105.875,84.7,63.525,154.8
2025-07-06,156.5,163.0,155.7,161.0,302.5,133.3,wait,,,B7,63.525,156.3609,False,,,,,,,,5,169.4,157.3,139.15,124.025,105.875,84.7,63.525,155.7
2025-07-07,161.0,162.7,156.7,157.9,302.5,133.3,wait,,,B7,63.525,156.3609,False,,,,,,,,5,169.4,157.3,139.15,124.025,105.875,84.7,63.525,156.7
2025-07-08,157.8,162.2,157.0,160.8,302.5,133.3,wait,,,B7,63.525,156.3609,False,,,,,,,,5,169.4,157.3,139.15,124.025,105.875,84.7,63.525,157.0
2025-07-09,160.8,167.4,159.8,166.6,302.5,133.3,wait,,,B7,63.525,156.3609,False,,,,,,,,5,169.4,157.3,139.15,124.025,105.875,84.7,63.525,159.8
2025-07-10,166.6,175.5,165.0,174.0,302.5,133.3,wait,,,B7,63.525,156.3609,False,,,,,,,,5,169.4,157.3,139.15,124.025,105.875,84.7,63.525,165.0
2025-07-11,174.1,178.2,169.3,172.7,302.5,133.3,wait,,,B7,63.525,156.3609,False,,,,,,,,5,169.4,157.3,139.15,124.025,105.875,84.7,63.525,169.3
2025-07-12,172.8,173.8,167.4,170.6,302.5,133.3,wait,,,B7,63.525,156.3609,False,,,,,,,,5,169.4,157.3,139.15,124.025,105.875,84.7,63.525,167.4
2025-07-13,170.5,174.3,169.6,171.3,302.5,133.3,wait,,,B7,63.525,156.3609,False,,,,,,,,5,169.4,157.3,139.15,124.025,105.875,84.7,63.525,169.6
2025-07-14,170.7,179.1,170.5,172.3,302.5,133.3,wait,,,B7,63.525,156.3609,False,,,,,,,,5,169.4,157.3,139.15,124.025,105.875,84.7,63.525,170.5
2025-07-15,172.2,174.5,167.1,174.1,302.5,133.3,wait,,,B7,63.525,156.3609,False,,,,,,,,5,169.4,157.3,139.15,124.025,105.875,84.7,63.525,167.1
2025-07-16,174.2,186.9,171.2,184.7,302.5,133.3,wait,,,B7,63.525,156.3609,False,,,,,,,,5,169.4,157.3,139.15,124.025,105.875,84.7,63.525,171.2
2025-07-17,184.5,189.2,179.2,186.7,302.5,133.3,wait,,,B7,63.525,156.3609,False,,,,,,,,5,169.4,157.3,139.15,124.025,105.875,84.7,63.525,179.2
2025-07-18,186.9,196.1,184.0,188.0,302.5,133.3,wait,,,B7,63.525,156.3609,False,,,,,,,,5,169.4,157.3,139.15,124.025,105.875,84.7,63.525,184.0
2025-07-19,188.1,189.6,184.7,187.9,302.5,133.3,wait,,,B7,63.525,156.3609,False,,,,,,,,5,169.4,157.3,139.15,124.025,105.875,84.7,63.525,184.7
2025-07-20,187.9,195.0,187.3,192.7,302.5,133.3,wait,,,B7,63.525,156.3609,False,,,,,,,,5,169.4,157.3,139.15,124.025,105.875,84.7,63.525,187.3
2025-07-21,192.7,211.5,189.6,207.3,302.5,133.3,wait,,,B7,63.525,156.3609,False,,,,,,,,5,169.4,157.3,139.15,124.025,105.875,84.7,63.525,189.6
2025-07-22,207.5,219.2,206.0,218.8,302.5,133.3,wait,,,B7,63.525,156.3609,False,,,,,,,,5,169.4,157.3,139.15,124.025,105.875,84.7,63.525,206.0
2025-07-23,218.6,218.7,195.6,201.5,302.5,133.3,wait,,,B7,63.525,156.3609,False,,,,,,,,5,169.4,157.3,139.15,124.025,105.875,84.7,63.525,195.6
2025-07-24,201.2,204.1,190.7,194.4,302.5,133.3,wait,,,B7,63.525,156.3609,False,,,,,,,,5,169.4,157.3,139.15,124.025,105.875,84.7,63.525,190.7
2025-07-25,194.4,198.9,187.0,198.8,302.5,133.3,wait,,,B7,63.525,156.3609,False,,,,,,,,5,169.4,157.3,139.15,124.025,105.875,84.7,63.525,187.0
2025-07-26,198.8,202.0,196.4,196.8,302.5,133.3,wait,,,B7,63.525,156.3609,False,,,,,,,,5,169.4,157.3,139.15,124.025,105.875,84.7,63.525,196.4
2025-07-27,196.8,203.0,196.5,200.9,302.5,133.3,wait,,,B7,63.525,156.3609,False,,,,,,,,5,169.4,157.3,139.15,124.025,105.875,84.7,63.525,196.5
2025-07-28,200.4,207.8,194.2,194.6,302.5,133.3,wait,,,B7,63.525,156.3609,False,,,,,,,,5,169.4,157.3,139.15,124.025,105.875,84.7,63.525,194.2
2025-07-29,194.8,198.6,189.8,192.8,302.5,133.3,wait,,,B7,63.525,156.3609,False,,,,,,,,5,169.4,157.3,139.15,124.025,105.875,84.7,63.525,189.8
2025-07-30,193.0,195.0,181.6,189.4,302.5,133.3,wait,,,B7,63.525,156.3609,False,,,,,,,,5,169.4,157.3,139.15,124.025,105.875,84.7,63.525,181.6
2025-07-31,189.4,194.3,182.7,183.3,302.5,133.3,wait,,,B7,63.525,156.3609,False,,,,,,,,5,169.4,157.3,139.15,124.025,105.875,84.7,63.525,182.7
2025-08-01,183.3,183.5,169.8,173.4,302.5,133.3,wait,,,B7,63.525,156.3609,False,,,,,,,,5,169.4,157.3,139.15,124.025,105.875,84.7,63.525,169.8
2025-08-02,173.3,176.7,166.1,169.0,302.5,133.3,wait,,,B7,63.525,156.3609,False,,,,,,,,5,169.4,157.3,139.15,124.025,105.875,84.7,63.525,166.1
2025-08-03,168.9,173.6,166.7,172.5,302.5,133.3,wait,,,B7,63.525,156.3609,False,,,,,,,,5,169.4,157.3,139.15,124.025,105.875,84.7,63.525,166.7
2025-08-04,172.3,180.9,171.9,180.6,302.5,133.3,wait,,,B7,63.525,156.3609,False,,,,,,,,5,169.4,157.3,139.15,124.025,105.875,84.7,63.525,171.9
2025-08-05,180.6,182.9,171.8,174.6,302.5,133.3,wait,,,B7,63.525,156.3609,False,,,,,,,,5,169.4,157.3,139.15,124.025,105.875,84.7,63.525,171.8
2025-08-06,174.7,180.9,171.7,179.0,302.5,133.3,wait,,,B7,63.525,156.3609,False,,,,,,,,5,169.4,157.3,139.15,124.025,105.875,84.7,63.525,171.7
2025-08-07,179.0,186.9,177.5,186.9,302.5,133.3,wait,,,B7,63.525,156.3609,False,,,,,,,,5,169.4,157.3,139.15,124.025,105.875,84.7,63.525,177.5
2025-08-08,186.4,191.4,184.4,188.5,302.5,133.3,wait,,,B7,63.525,156.3609,False,,,,,,,,5,169.4,157.3,139.15,124.025,105.875,84.7,63.525,184.4
2025-08-09,188.6,195.4,187.4,192.0,302.5,133.3,wait,,,B7,63.525,156.3609,False,,,,,,,,5,169.4,157.3,139.15,124.025,105.875,84.7,63.525,187.4
2025-08-10,192.0,198.6,189.4,195.0,302.5,133.3,wait,,,B7,63.525,156.3609,False,,,,,,,,5,169.4,157.3,139.15,124.025,105.875,84.7,63.525,189.4
2025-08-11,194.9,199.2,185.1,186.8,302.5,133.3,wait,,,B7,63.525,156.3609,False,,,,,,,,5,169.4,157.3,139.15,124.025,105.875,84.7,63.525,185.1
2025-08-12,186.8,206.8,185.5,204.7,302.5,133.3,wait,,,B7,63.525,156.3609,False,,,,,,,,5,169.4,157.3,139.15,124.025,105.875,84.7,63.525,185.5
2025-08-13,204.6,218.7,204.4,215.4,302.5,133.3,wait,,,B7,63.525,156.3609,False,,,,,,,,5,169.4,157.3,139.15,124.025,105.875,84.7,63.525,204.4
2025-08-14,215.2,224.0,199.4,205.3,302.5,133.3,wait,,,B7,63.525,156.3609,False,,,,,,,,5,169.4,157.3,139.15,124.025,105.875,84.7,63.525,199.4
2025-08-15,205.4,211.4,196.0,198.2,302.5,133.3,wait,,,B7,63.525,156.3609,False,,,,,,,,5,169.4,157.3,139.15,124.025,105.875,84.7,63.525,196.0
2025-08-16,198.2,203.0,197.9,202.5,302.5,133.3,wait,,,B7,63.525,156.3609,False,,,,,,,,5,169.4,157.3,139.15,124.025,105.875,84.7,63.525,197.9
2025-08-17,202.6,209.0,200.1,204.0,302.5,133.3,wait,,,B7,63.525,156.3609,False,,,,,,,,5,169.4,157.3,139.15,124.025,105.875,84.7,63.525,200.1
2025-08-18,203.9,204.3,192.1,195.6,302.5,133.3,wait,,,B7,63.525,156.3609,False,,,,,,,,5,169.4,157.3,139.15,124.025,105.875,84.7,63.525,192.1
2025-08-19,195.4,198.4,187.6,188.2,302.5,133.3,wait,,,B7,63.525,156.3609,False,,,,,,,,5,169.4,157.3,139.15,124.025,105.875,84.7,63.525,187.6
2025-08-20,188.2,200.9,188.0,200.9,302.5,133.3,wait,,,B7,63.525,156.3609,False,,,,,,,,5,169.4,157.3,139.15,124.025,105.875,84.7,63.525,188.0
2025-08-21,200.8,203.0,191.7,192.7,302.5,133.3,wait,,,B7,63.525,156.3609,False,,,,,,,,5,169.4,157.3,139.15,124.025,105.875,84.7,63.525,191.7
2025-08-22,192.7,216.6,189.7,214.6,302.5,133.3,wait,,,B7,63.525,156.3609,False,,,,,,,,5,169.4,157.3,139.15,124.025,105.875,84.7,63.525,189.7
2025-08-23,214.6,223.1,208.8,218.2,302.5,133.3,wait,,,B7,63.525,156.3609,False,,,,,,,,5,169.4,157.3,139.15,124.025,105.875,84.7,63.525,208.8
2025-08-24,218.5,226.7,215.0,220.4,302.5,133.3,wait,,,B7,63.525,156.3609,False,,,,,,,,5,169.4,157.3,139.15,124.025,105.875,84.7,63.525,215.0
2025-08-25,220.4,228.3,198.4,200.5,302.5,133.3,wait,,,B7,63.525,156.3609,False,,,,,,,,5,169.4,157.3,139.15,124.025,105.875,84.7,63.525,198.4
2025-08-26,200.3,211.9,198.7,209.6,302.5,133.3,wait,,,B7,63.525,156.3609,False,,,,,,,,5,169.4,157.3,139.15,124.025,105.875,84.7,63.525,198.7
2025-08-27,209.6,226.9,207.5,217.1,302.5,133.3,wait,,,B7,63.525,156.3609,False,,,,,,,,5,169.4,157.3,139.15,124.025,105.875,84.7,63.525,207.5
2025-08-28,217.4,232.0,216.0,229.5,302.5,133.3,wait,,,B7,63.525,156.3609,False,,,,,,,,5,169.4,157.3,139.15,124.025,105.875,84.7,63.525,216.0
2025-08-29,229.3,234.9,214.2,219.5,302.5,133.3,wait,,,B7,63.525,156.3609,False,,,,,,,,5,169.4,157.3,139.15,124.025,105.875,84.7,63.525,214.2
2025-08-30,219.6,221.7,211.6,217.1,302.5,133.3,wait,,,B7,63.525,156.3609,False,,,,,,,,5,169.4,157.3,139.15,124.025,105.875,84.7,63.525,211.6
2025-08-31,217.2,221.4,214.6,214.9,302.5,133.3,wait,,,B7,63.525,156.3609,False,,,,,,,,5,169.4,157.3,139.15,124.025,105.875,84.7,63.525,214.6
2025-09-01,214.7,219.0,208.0,211.0,302.5,133.3,wait,,,B7,63.525,156.3609,False,,,,,,,,5,169.4,157.3,139.15,124.025,105.875,84.7,63.525,208.0
2025-09-02,211.2,224.6,210.8,224.6,302.5,133.3,wait,,,B7,63.525,156.3609,False,,,,,,,,5,169.4,157.3,139.15,124.025,105.875,84.7,63.525,210.8
2025-09-03,224.6,228.0,222.1,225.7,302.5,133.3,wait,,,B7,63.525,156.3609,False,,,,,,,,5,169.4,157.3,139.15,124.025,105.875,84.7,63.525,222.1
2025-09-04,225.6,227.0,216.4,216.9,302.5,133.3,wait,,,B7,63.525,156.3609,False,,,,,,,,5,169.4,157.3,139.15,124.025,105.875,84.7,63.525,216.4
2025-09-05,217.0,225.2,215.5,218.1,302.5,133.3,wait,,,B7,63.525,156.3609,False,,,,,,,,5,169.4,157.3,139.15,124.025,105.875,84.7,63.525,215.5
2025-09-06,217.8,219.6,213.8,214.5,302.5,133.3,wait,,,B7,63.525,156.3609,False,,,,,,,,5,169.4,157.3,139.15,124.025,105.875,84.7,63.525,213.8
2025-09-07,214.6,223.1,214.5,221.3,302.5,133.3,wait,,,B7,63.525,156.3609,False,,,,,,,,5,169.4,157.3,139.15,124.025,105.875,84.7,63.525,214.5
2025-09-08,221.3,232.7,220.6,229.6,302.5,133.3,wait,,,B7,63.525,156.3609,False,,,,,,,,5,169.4,157.3,139.15,124.025,105.875,84.7,63.525,220.6
2025-09-09,229.7,235.6,226.1,233.0,302.5,133.3,wait,,,B7,63.525,156.3609,False,,,,,,,,5,169.4,157.3,139.15,124.025,105.875,84.7,63.525,226.1
2025-09-10,233.0,242.3,230.8,240.2,302.5,133.3,wait,,,B7,63.525,156.3609,False,,,,,,,,5,169.4,157.3,139.15,124.025,105.875,84.7,63.525,230.8
2025-09-11,240.2,245.5,237.9,245.2,302.5,133.3,wait,,,B7,63.525,156.3609,False,,,,,,,,5,169.4,157.3,139.15,124.025,105.875,84.7,63.525,237.9
2025-09-12,245.5,261.7,244.9,259.6,302.5,133.3,wait,,,B7,63.525,156.3609,False,,,,,,,,5,169.4,157.3,139.15,124.025,105.875,84.7,63.525,244.9
2025-09-13,259.7,261.8,253.1,260.1,302.5,133.3,wait,,,B7,63.525,156.3609,False,,,,,,,,5,169.4,157.3,139.15,124.025,105.875,84.7,63.525,253.1
2025-09-14,260.1,267.8,256.6,257.7,302.5,,high,,RESTART_+98.5pct,,,,False,HIGH,,,264.6005,,,,7,169.4,157.3,139.15,124.025,105.875,84.7,63.525,
2025-09-14,260.1,267.8,256.6,257.7,302.5,,high,,RESTART_+98.5pct,B7,63.525,,False,,,,,,,,7,169.4,157.3,139.15,124.025,105.875,84.7,63.525,256.6
2025-09-15,256.9,261.4,246.8,251.7,302.5,,high,,,B7,63.525,,False,,,,,,,,7,169.4,157.3,139.15,124.025,105.875,84.7,63.525,246.8
2025-09-16,251.6,258.6,248.3,254.0,302.5,,high,,,B7,63.525,,False,,,,,,,,7,169.4,157.3,139.15,124.025,105.875,84.7,63.525,248.3
2025-09-17,254.0,264.4,249.4,262.6,302.5,,high,,,B7,63.525,,False,,,,,,,,7,169.4,157.3,139.15,124.025,105.875,84.7,63.525,249.4
2025-09-18,262.8,271.8,260.3,265.7,302.5,,high,,,B7,63.525,,False,,,,,,,,7,169.4,157.3,139.15,124.025,105.875,84.7,63.525,260.3
2025-09-19,265.7,267.5,252.9,256.3,302.5,,high,,,B7,63.525,,False,,,,,,,,7,169.4,157.3,139.15,124.025,105.875,84.7,63.525,252.9
2025-09-20,256.3,258.7,254.4,257.2,302.5,,high,,,B7,63.525,,False,,,,,,,,7,169.4,157.3,139.15,124.025,105.875,84.7,63.525,254.4
2025-09-21,257.2,259.8,252.9,254.2,302.5,,high,,,B7,63.525,,False,,,,,,,,7,169.4,157.3,139.15,124.025,105.875,84.7,63.525,252.9
2025-09-22,253.9,255.5,231.0,236.5,302.5,,high,,,B7,63.525,,False,,,,,,,,7,169.4,157.3,139.15,124.025,105.875,84.7,63.525,231.0
2025-09-23,236.6,238.1,228.2,229.2,302.5,,high,,,B7,63.525,,False,,,,,,,,7,169.4,157.3,139.15,124.025,105.875,84.7,63.525,228.2
2025-09-24,229.3,232.7,220.3,227.2,302.5,,high,,,B7,63.525,,False,,,,,,,,7,169.4,157.3,139.15,124.025,105.875,84.7,63.525,220.3
2025-09-25,227.2,228.2,205.4,206.8,302.5,,high,,,B7,63.525,,False,,,,,,,,7,169.4,157.3,139.15,124.025,105.875,84.7,63.525,205.4
2025-09-26,206.7,220.3,205.1,219.9,302.5,,high,,,B7,63.525,,False,,,,,,,,7,169.4,157.3,139.15,124.025,105.875,84.7,63.525,205.1
2025-09-27,219.8,220.5,214.8,218.4,302.5,,high,,,B7,63.525,,False,,,,,,,,7,169.4,157.3,139.15,124.025,105.875,84.7,63.525,214.8
2025-09-28,218.5,226.8,212.9,226.8,302.5,,high,,,B7,63.525,,False,,,,,,,,7,169.4,157.3,139.15,124.025,105.875,84.7,63.525,212.9
2025-09-29,226.4,230.8,219.9,228.8,302.5,,high,,,B7,63.525,,False,,,,,,,,7,169.4,157.3,139.15,124.025,105.875,84.7,63.525,219.9
2025-09-30,228.8,229.8,219.6,224.5,302.5,,high,,,B7,63.525,,False,,,,,,,,7,169.4,157.3,139.15,124.025,105.875,84.7,63.525,219.6
2025-10-01,224.3,239.1,222.0,239.0,302.5,,high,,,B7,63.525,,False,,,,,,,,7,169.4,157.3,139.15,124.025,105.875,84.7,63.525,222.0
2025-10-02,238.6,252.5,236.0,252.2,302.5,,high,,,B7,63.525,,False,,,,,,,,7,169.4,157.3,139.15,124.025,105.875,84.7,63.525,236.0
2025-10-03,252.2,254.4,244.0,250.1,302.5,,high,,,B7,63.525,,False,,,,,,,,7,169.4,157.3,139.15,124.025,105.875,84.7,63.525,244.0
2025-10-04,250.3,252.0,241.4,245.3,302.5,,high,,,B7,63.525,,False,,,,,,,,7,169.4,157.3,139.15,124.025,105.875,84.7,63.525,241.4
2025-10-05,245.0,255.9,243.9,247.7,302.5,,high,,,B7,63.525,,False,,,,,,,,7,169.4,157.3,139.15,124.025,105.875,84.7,63.525,243.9
2025-10-07,249.8,251.6,248.8,251.1,,,high,,,,,,False,,,,,,,,7,,,,,,,,248.8
